,회사명,종목코드,상장일
0,3R,037730.KQ,2000-07-25
1,3노드디지탈,900010.KQ,2007-08-17
2,IBKS제7호스팩,276920.KQ,2017-11-10
3,KTB드림1,042300.KQ,2000-05-26
4,KTB자산배분2,038380.KQ,2000-02-25
5,SK1호스팩,207930.KQ,2015-03-31
6,SK컴즈,066270.KQ,2003-11-07
7,경북금고,008050.KQ,1996-07-01
8,경윤하이드로,019120.KQ,1992-12-18
9,골든브릿지제2호스팩,206660.KQ,2015-02-05
10,교보성공파트너일호펀,034650.KQ,1999-03-12
11,교보성공파트너크린앤,035980.KQ,1999-10-29
12,국제종합토건,024860.KQ,1996-07-01
13,굿라이프10-MF,037510.KQ,2000-02-25
14,글로웍스,034600.KQ,1999-12-07
15,네이쳐글로벌,088020.KQ,2006-12-19
16,넷컴스토리지,037010.KQ,1999-12-21
17,뉴젠아이씨티,054150.KQ,2001-11-08
18,뉴켐진스템셀,036280.KQ,1999-12-21
19,다임알짜2호-MF,051960.KQ,2001-04-02
20,단암산업,005650.KQ,1996-07-01
21,대백쇼핑,027700.KQ,1997-01-17
22,대신증권그로쓰스팩,123550.KQ,2010-08-24
23,데코,013650.KQ,1996-01-20
24,동방티엔씨,018860.KQ,1996-07-01
25,동아일렉콤,011860.KQ,1996-07-01
26,동원뮤추얼장보고1호,034470.KQ,1999-02-18
27,드림라인,035430.KQ,1999-12-21
28,마이다스코코,040860.KQ,2000-04-28
29,맥시스템,036880.KQ,1999-12-07
30,모빌탑,085680.KQ,2006-01-25
31,무한투자,034510.KQ,2000-04-14
32,미래아이티2,040260.KQ,2000-04-28
33,미래에셋알바트로스이,035320.KQ,1999-08-13
34,미래에셋크린채권형이,036310.KQ,1999-11-12
35,미래주식1,047890.KQ,2000-09-25
36,미래하이2호,039210.KQ,2000-04-21
37,미래하이4,040950.KQ,2000-05-15
38,미래한아름2,046820.KQ,2000-09-04
39,미주실업,015060.KQ,1996-07-01
40,박현주1호,034160.KQ,1999-04-16
41,박현주3성장,037770.KQ,2000-02-25
42,박현주7성장,038940.KQ,2000-03-31
43,베스트플로우,060410.KQ,2002-05-07
44,부산방직,025270.KQ,1995-03-20
45,비엔디,047940.KQ,2001-06-21
46,비엔씨컴퍼니,058370.KQ,2002-02-19
47,사라콤,040020.KQ,2000-07-13
48,사이노젠,064060.KQ,2002-07-30
49,삼능건설,002830.KQ,1996-07-01
50,삼성라이프에머랄드일,034320.KQ,1999-04-16
51,삼성프라임증권투자회,034270.KQ,1999-03-12
52,성보섬유,008430.KQ,1996-07-01
53,세븐코스프,017160.KQ,1992-09-07
54,세원,013730.KQ,1996-07-01
55,세이플러스,049990.KQ,2000-11-06
56,스틸플라워,087220.KQ,2009-10-27
57,승화프리텍,111610.KQ,2010-01-06
58,신텍,099660.KQ,2009-04-30
59,신한제4호스팩,277480.KQ,2017-10-20
60,신호테크,018910.KQ,1996-07-01
61,실크자산2,036650.KQ,1999-12-24
62,심스밸리,042470.KQ,2000-07-19
63,알루코,021570.KQ,1989-12-23
64,알에스넷,046430.KQ,2002-05-23
65,에이프로테크놀로지,045470.KQ,2000-07-27
66,엘앤피아너스,061140.KQ,2004-10-29
67,엠제이비,074150.KQ,2005-07-08
68,영일케미컬,001910.KQ,1996-07-01
69,우전,052270.KQ,2001-06-05
70,원진,005370.KQ,1996-07-01
71,유티엑스,045880.KQ,2002-02-07
72,이글5호,037190.KQ,2000-01-28
73,이랜드리테일,013690.KQ,1996-07-01
74,이레전자산업,045310.KQ,2002-01-10
75,이론테크,034980.KQ,2000-07-13
76,이롬텍,045400.KQ,2001-08-17
77,이앤텍,047450.KQ,2000-11-23
78,익산,023710.KQ,1996-07-01
79,일신,012540.KQ,1996-07-01
80,제네시스,052640.KQ,2001-07-31
81,조이토토,044370.KQ,2000-07-13
82,중앙디자인,030030.KQ,2001-12-04
83,지노시스템,033850.KQ,1998-05-25
84,지디코프,036610.KQ,1999-12-07
85,지앤알,043630.KQ,2000-07-04
86,지에스엔텍,037640.KQ,1999-12-24
87,지엔텍홀딩스,065410.KQ,2002-08-01
88,챌린지성장2,035680.KQ,1999-09-17
89,카카오M,016170.KQ,2001-01-11
90,태평양금속,011920.KQ,1996-07-01
91,트라이콤,038410.KQ,2006-07-25
92,트윈스챌린지펀드,034350.KQ,1999-02-18
93,파티게임즈,194510.KQ,2014-11-21
94,팬텀엔터그룹,025460.KQ,2003-01-29
95,퓨쳐인포넷,058690.KQ,2003-12-29
96,플래닛82,057330.KQ,2001-12-20
97,플래티넘성2-MF,044740.KQ,2000-06-30
98,하림홀딩스,024660.KQ,1997-08-06
99,한국4호스팩,240540.KQ,2016-06-22
100,한국제5호스팩,271740.KQ,2017-07-24
101,한국제6호스팩,281410.KQ,2017-12-21
102,한국종합철관,014340.KQ,1996-07-01
103,한국체인,012350.KQ,1996-07-01
104,한국화이바,007850.KQ,1996-07-01
105,한림창투,021060.KQ,2000-06-15
106,한아시스템,036020.KQ,1999-12-03
107,한일제관,026950.KQ,1996-07-01
108,한컴지엠디,077280.KQ,2004-06-02
109,한통엠닷컴,030700.KQ,1999-12-21
110,희훈디앤지,019640.KQ,1993-09-17
111,CJ프레시웨이,051500.KQ,2001-07-26
112,EDGC,245620.KQ,2018-06-26
113,GST,083450.KQ,2006-02-01
114,GS홈쇼핑,028150.KQ,2000-01-20
115,IBKS제13호스팩,351340.KQ,2020-07-15
116,ITX-AI,099520.KQ,2009-12-22
117,JW신약,067290.KQ,2003-02-11
118,KB오토시스,024120.KQ,1994-12-07
119,KH바텍,060720.KQ,2002-05-21
120,KPX생명과학,114450.KQ,2009-12-22
121,SK5호스팩,337450.KQ,2019-12-04
122,SK6호스팩,340350.KQ,2020-03-11
123,TJ미디어,032540.KQ,1997-04-16
124,YW,051390.KQ,2001-11-15
125,경창산업,024910.KQ,1994-12-29
126,고려시멘트,198440.KQ,2014-08-13
127,골프존,215000.KQ,2015-04-03
128,교보8호스팩,307280.KQ,2018-12-05
129,국순당,043650.KQ,2000-08-24
130,그리티,204020.KQ,2018-07-23
131,나노브릭,286750.KQ,2019-08-19
132,나스미디어,089600.KQ,2013-07-17
133,네오티스,085910.KQ,2007-10-01
134,네이처셀,007390.KQ,1992-11-30
135,녹십자셀,031390.KQ,1998-09-25
136,뉴인텍,012340.KQ,1997-02-12
137,뉴프렉스,085670.KQ,2006-01-17
138,대봉엘에스,078140.KQ,2005-12-23
139,대유,290380.KQ,2018-08-10
140,대유에이피,290120.KQ,2018-12-07
141,대주산업,003310.KQ,1992-08-01
142,대한약품,023910.KQ,1994-11-23
143,동구바이오제약,006620.KQ,2018-02-13
144,동방선기,099410.KQ,2009-11-10
145,디에이테크놀로지,196490.KQ,2014-11-19
146,디에이피,066900.KQ,2004-05-14
147,디엔에이링크,127120.KQ,2011-12-26
148,디엔에프,092070.KQ,2007-11-16
149,디오,039840.KQ,2000-06-29
150,디오스텍,196450.KQ,2014-06-02
151,디지탈옵틱,106520.KQ,2012-07-13
152,디지틀조선,033130.KQ,1997-08-06
153,룽투코리아,060240.KQ,2002-01-04
154,링크제니시스,219420.KQ,2018-02-05
155,메디톡스,086900.KQ,2009-01-16
156,메이슨캐피탈,021880.KQ,1996-09-02
157,메탈라이프,327260.KQ,2019-12-24
158,모비스,250060.KQ,2016-09-08
159,모트렉스,118990.KQ,2017-08-04
160,미래SCI,028040.KQ,1996-07-27
161,미스터블루,207760.KQ,2014-12-12
162,미코바이오메드,214610.KQ,2020-10-22
163,바디텍메드,206640.KQ,2014-12-29
164,바이넥스,053030.KQ,2001-08-07
165,브랜드엑스코퍼레이션,337930.KQ,2020-08-13
166,삼보판지,023600.KQ,1996-05-29
167,삼본전자,111870.KQ,2010-11-05
168,삼아제약,009300.KQ,2000-07-19
169,상지카일룸,042940.KQ,2000-10-19
170,서암기계공업,100660.KQ,2011-12-19
171,성창오토텍,080470.KQ,2006-11-03
172,세보엠이씨,011560.KQ,1996-12-23
173,세종메디칼,258830.KQ,2018-05-29
174,세코닉스,053450.KQ,2001-08-09
175,셀루메드,049180.KQ,2002-05-23
176,셀바스헬스케어,208370.KQ,2014-12-17
177,셀트리온제약,068760.KQ,2006-02-03
178,스튜디오산타클로스,204630.KQ,2014-12-29
179,스페코,013810.KQ,1997-11-03
180,승일,049830.KQ,2001-01-18
181,심텍,222800.KQ,2015-08-07
182,쌍용정보통신,010280.KQ,2000-04-14
183,씨유메디칼,115480.KQ,2011-12-15
184,씨케이에이치,900120.KQ,2010-03-31
185,아나패스,123860.KQ,2010-11-05
186,아바텍,149950.KQ,2012-11-06
187,아이센스,099190.KQ,2013-01-30
188,아이씨디,040910.KQ,2011-08-05
189,아이씨케이,068940.KQ,2010-10-19
190,아이오케이,078860.KQ,2006-06-27
191,아이원스,114810.KQ,2013-02-07
192,아이즈비전,031310.KQ,1997-07-25
193,아이티센,124500.KQ,2014-12-23
194,알리코제약,260660.KQ,2018-02-12
195,알에프세미,096610.KQ,2007-11-20
196,알에프텍,061040.KQ,2002-05-16
197,애니플러스,310200.KQ,2018-12-21
198,에스아이리소스,065420.KQ,2002-08-22
199,에스에너지,095910.KQ,2007-10-16
200,에스코넥,096630.KQ,2007-12-26
201,에쎈테크,043340.KQ,2000-08-29
202,에이루트,096690.KQ,2010-12-01
203,에이티넘인베스트,021080.KQ,1991-07-12
204,엑세스바이오,950130.KQ,2013-05-30
205,엑시콘,092870.KQ,2015-10-22
206,엔투텍,227950.KQ,2015-11-18
207,엔피케이,048830.KQ,2000-10-12
208,엠게임,058630.KQ,2008-12-19
209,엠벤처투자,019590.KQ,1989-03-14
210,엠씨넥스,097520.KQ,2012-07-25
211,영화테크,265560.KQ,2017-10-26
212,오공,045060.KQ,2000-08-10
213,오스템임플란트,048260.KQ,2007-02-07
214,오픈베이스,049480.KQ,2001-01-09
215,옵티시스,109080.KQ,2011-07-12
216,와이지-원,019210.KQ,1997-08-06
217,우리바이오,082850.KQ,2005-07-29
218,원익QnC,074600.KQ,2003-12-12
219,원익큐브,014190.KQ,1996-04-26
220,원풍물산,008290.KQ,1997-07-18
221,웨이브일렉트로,095270.KQ,2007-09-12
222,웰크론,065950.KQ,2003-07-29
223,위지트,036090.KQ,1999-12-10
224,유니온커뮤니티,203450.KQ,2016-12-07
225,유니테크노,241690.KQ,2016-09-20
226,유비쿼스홀딩스,078070.KQ,2009-01-23
227,유신,054930.KQ,2002-01-15
228,유안타제5호스팩,336060.KQ,2019-11-28
229,유진스팩5호,331380.KQ,2019-10-02
230,유테크,178780.KQ,2015-06-30
231,유티아이,179900.KQ,2017-09-27
232,이스트소프트,047560.KQ,2008-07-01
233,이스트아시아홀딩스,900110.KQ,2010-04-23
234,이엠넷,123570.KQ,2011-11-25
235,이지바이오,353810.KQ,2020-06-05
236,이지웰,090850.KQ,2013-12-27
237,인베니아,079950.KQ,2005-02-04
238,인텍플러스,064290.KQ,2011-01-05
239,자비스,254120.KQ,2016-12-02
240,자이글,234920.KQ,2016-09-06
241,장원테크,174880.KQ,2016-07-15
242,정상제이엘에스,040420.KQ,2000-08-01
243,제우스,079370.KQ,2006-02-01
244,제이엠티,094970.KQ,2007-10-12
245,제이웨이,058420.KQ,2002-01-10
246,제일제강,023440.KQ,1994-10-07
247,제주반도체,080220.KQ,2005-02-01
248,젬백스,082270.KQ,2005-06-24
249,조아제약,034940.KQ,1999-08-13
250,주성엔지니어링,036930.KQ,1999-12-24
251,지엔씨에너지,119850.KQ,2013-10-02
252,지엔코,065060.KQ,2002-05-28
253,캐스텍코리아,071850.KQ,2014-05-27
254,케이비제20호스팩,342550.KQ,2020-01-30
255,케이피엠테크,042040.KQ,2003-01-07
256,케이피티유,054410.KQ,2002-04-25
257,켄코아에어로스페이스,274090.KQ,2020-03-03
258,코렌,078650.KQ,2010-10-22
259,코윈테크,282880.KQ,2019-08-05
260,코프라,126600.KQ,2010-11-12
261,키네마스터,139670.KQ,2011-12-02
262,토탈소프트,045340.KQ,2002-07-19
263,투비소프트,079970.KQ,2010-06-01
264,트루윈,105550.KQ,2014-07-11
265,특수건설,026150.KQ,1997-08-06
266,티앤알바이오팹,246710.KQ,2018-11-28
267,티에스이,131290.KQ,2011-01-05
268,파세코,037070.KQ,2000-01-04
269,파커스,065690.KQ,2002-07-16
270,패션플랫폼,225590.KQ,2015-10-05
271,푸드웰,005670.KQ,1993-12-07
272,프로스테믹스,203690.KQ,2014-09-30
273,피델릭스,032580.KQ,1997-04-22
274,피에스엠씨,024850.KQ,2001-01-18
275,하나금융15호스팩,341160.KQ,2020-01-30
276,하이즈항공,221840.KQ,2015-11-25
277,한국맥널티,222980.KQ,2015-12-23
278,한국코퍼레이션,050540.KQ,2005-12-12
279,한양디지텍,078350.KQ,2004-05-14
280,한일진공,123840.KQ,2010-10-05
281,한일화학,007770.KQ,1992-09-07
282,해덕파워웨이,102210.KQ,2009-05-21
283,현대바이오,048410.KQ,2002-08-08
284,화성밸브,039610.KQ,2000-03-16
285,휴림로봇,090710.KQ,2006-12-05
286,휴맥스,115160.KQ,2009-11-16
287,휴온스글로벌,084110.KQ,2006-12-19
288,CJ프론티어,039720.KQ,2000-04-21
289,CT&T,050470.KQ,2002-04-23
290,IDH,026230.KQ,1995-10-06
291,JH코오스,065310.KQ,2002-07-19
292,JS,037110.KQ,2000-07-11
293,SIMPAC Metal,090730.KQ,2008-10-17
294,SK3호스팩,232330.KQ,2016-11-16
295,광일,023920.KQ,1996-07-01
296,나노하이텍,071360.KQ,2003-10-24
297,나리지*온,036850.KQ,1999-11-25
298,넥서스투자,019430.KQ,1989-12-08
299,다다,023140.KQ,1996-07-01
300,다임채권형일,044750.KQ,2000-06-30
301,대동금고,007090.KQ,1996-07-01
302,대백저축은행,026970.KQ,1996-01-03
303,대신석유,007930.KQ,1996-07-01
304,대아건설,000380.KQ,1993-07-30
305,대양글로벌,040180.KQ,2000-07-20
306,대흥멀티통신,037250.KQ,1999-12-07
307,동방라이텍,025690.KQ,1997-07-04
308,동방전자,004480.KQ,1996-07-01
309,동양기공,018720.KQ,1996-07-01
310,동양매직,023020.KQ,2000-07-20
311,두림티앤씨,033330.KQ,1997-11-03
312,리젠트성장1,036970.KQ,1999-11-26
313,마이다스자산배분형일,035880.KQ,1999-10-29
314,마이다스테3,040520.KQ,2000-04-21
315,마이다스하전,039920.KQ,2000-04-21
316,모보,051810.KQ,2001-07-18
317,미래아이티1,039220.KQ,2000-04-21
318,미래에셋드림이호펀드,034960.KQ,1999-07-16
319,미래에셋프리미어혼합,063680.KQ,2001-12-14
320,미래하이3,040270.KQ,2000-04-28
321,보성인터,033300.KQ,1997-11-10
322,비락,003700.KQ,1996-07-01
323,산양전기,079870.KQ,2005-07-15
324,삼덕제지,000550.KQ,1996-07-01
325,삼목강업,158380.KQ,2013-04-30
326,삼성다이나믹증권투자,034260.KQ,1999-03-12
327,삼협개발,008010.KQ,1996-07-01
328,삼호건설,004520.KQ,1996-07-01
329,선우중공업,068770.KQ,2005-05-20
330,선팩테크,054010.KQ,2001-10-23
331,소프트윈,049790.KQ,2001-02-13
332,시큐어소프트,037060.KQ,2001-08-14
333,신민저축은행,031920.KQ,1996-12-23
334,신원금속,026900.KQ,1996-07-01
335,신한캐피탈,023780.KQ,1994-11-07
336,쌍용건설,012650.KQ,1993-01-28
337,쎄라텍,041550.KQ,2000-07-11
338,씨그널엔터테인먼트그룹,099830.KQ,2011-01-24
339,씨엔씨엔터,038420.KQ,2000-08-08
340,아이스테이션,056010.KQ,2002-08-13
341,아큐텍,013780.KQ,1997-08-18
342,액티투오,047710.KQ,2001-07-20
343,야호,059720.KQ,2002-01-17
344,에이스일렉,038690.KQ,2000-06-29
345,엔터미디어,068420.KQ,2003-07-01
346,엠씨티티코어,052210.KQ,2002-12-23
347,오브제,058680.KQ,2002-06-11
348,오상헬스케어,036220.KQ,2007-06-05
349,유니텍전자,039040.KQ,2000-03-21
350,유리배분일,037530.KQ,1999-12-24
351,유리크레디트회사채혼,051990.KQ,2001-03-05
352,유진스팩3호,221200.KQ,2015-09-09
353,으뜸저축은행,032150.KQ,1997-01-17
354,이베스트스팩3호,225440.KQ,2015-10-19
355,인베스티움사파이어전,034330.KQ,1999-08-13
356,인터파크,108790.KQ,2014-02-06
357,자유투어,046840.KQ,2001-07-10
358,잘만테크,090120.KQ,2007-05-22
359,제이테크놀로지,035480.KQ,1999-11-18
360,제일곡산,011890.KQ,1996-07-01
361,지디,155960.KQ,2013-02-13
362,청람디지탈,035270.KQ,1999-08-13
363,카라반케이디이,032570.KQ,1997-04-22
364,케이비제8호스팩,222390.KQ,2015-08-05
365,케이에스알,066340.KQ,2003-02-07
366,케이엔티,036590.KQ,2001-05-10
367,케이티씨텔레콤,055810.KQ,2003-11-07
368,코썬바이오,204990.KQ,2016-12-09
369,큐리어스,045050.KQ,2001-08-02
370,택산아이엔씨,036900.KQ,2000-01-11
371,티이씨,067950.KQ,2004-01-26
372,평안물산,037240.KQ,1999-12-14
373,포휴먼,049690.KQ,2002-01-08
374,피죤,002750.KQ,1996-07-01
375,피코소프트,039580.KQ,2000-07-06
376,하나머스트3호스팩,208870.KQ,2014-12-24
377,한국코인,007560.KQ,1996-07-01
378,한마음저축은행,025450.KQ,1995-05-22
379,한빛네트,036720.KQ,2001-11-08
380,한빛전자통신,044570.KQ,2001-12-28
381,한영전자,008860.KQ,1996-07-01
382,한일,022610.KQ,1996-04-15
383,한화SV스팩1호,124050.KQ,2010-07-09
384,한화에이스스팩3호,264290.KQ,2017-05-02
385,해원에스티,058480.KQ,2002-01-15
386,현주컴퓨터,038960.KQ,2001-05-15
387,APS홀딩스,054620.KQ,2001-12-04
388,CJ ENM,035760.KQ,1999-11-23
389,CMG제약,058820.KQ,2001-08-31
390,CS,065770.KQ,2004-06-04
391,CSA 코스믹,083660.KQ,2006-07-25
392,EG,037370.KQ,2000-01-11
393,HRS,036640.KQ,2000-05-30
394,NICE평가정보,030190.KQ,2000-05-16
395,PN풍년,024940.KQ,1995-01-04
396,SCI평가정보,036120.KQ,1999-12-07
397,SM C&C,048550.KQ,2001-01-18
398,UCI,038340.KQ,2001-11-22
399,감마누,192410.KQ,2014-08-14
400,강스템바이오텍,217730.KQ,2015-12-21
401,게임빌,063080.KQ,2009-07-30
402,경남바이오파마,044480.KQ,2001-01-11
403,경남제약헬스케어,223310.KQ,2015-12-24
404,고영,098460.KQ,2008-06-03
405,광림,014200.KQ,1993-07-07
406,국영지앤엠,006050.KQ,1994-10-07
407,나노엔텍,039860.KQ,2000-08-16
408,나이벡,138610.KQ,2011-07-13
409,남화토건,091590.KQ,2012-01-31
410,네오팜,092730.KQ,2007-01-30
411,넥스턴,089140.KQ,2006-11-01
412,넵튠,217270.KQ,2015-06-18
413,노바렉스,194700.KQ,2018-11-14
414,녹원씨엔아이,065560.KQ,2003-07-01
415,누리텔레콤,040160.KQ,2000-08-29
416,뉴파워프라즈마,144960.KQ,2016-11-30
417,대아티아이,045390.KQ,2001-05-17
418,대주전자재료,078600.KQ,2004-12-10
419,대창솔루션,096350.KQ,2007-12-17
420,덕산네오룩스,213420.KQ,2015-02-06
421,데브시스터즈,194480.KQ,2014-10-06
422,동아엘텍,088130.KQ,2007-01-03
423,드래곤플라이,030350.KQ,1997-11-10
424,디알텍,214680.KQ,2015-04-20
425,디엠티,134580.KQ,2013-11-26
426,딜리,131180.KQ,2011-01-31
427,럭슬,033600.KQ,2000-11-21
428,레드로버,060300.KQ,2002-01-10
429,레드캡투어,038390.KQ,2000-02-01
430,레이언스,228850.KQ,2016-04-11
431,로보로보,215100.KQ,2015-04-22
432,매일홀딩스,005990.KQ,1999-05-14
433,매직마이크로,127160.KQ,2015-11-19
434,머큐리,100590.KQ,2018-12-14
435,메디앙스,014100.KQ,1995-01-03
436,메타바이오메드,059210.KQ,2008-04-15
437,멕아이씨에스,058110.KQ,2015-12-14
438,모두투어,080160.KQ,2005-07-26
439,무림SP,001810.KQ,2000-01-04
440,미래에셋대우스팩3호,328380.KQ,2019-08-20
441,미래에셋벤처투자,100790.KQ,2019-03-15
442,미코,059090.KQ,2002-01-15
443,부스타,008470.KQ,2011-02-23
444,비즈니스온,138580.KQ,2017-11-30
445,비트컴퓨터,032850.KQ,1997-07-04
446,사람인에이치알,143240.KQ,2012-02-21
447,삼륭물산,014970.KQ,1992-12-29
448,삼양옵틱스,225190.KQ,2017-06-02
449,삼영이엔씨,065570.KQ,2003-01-21
450,삼일,032280.KQ,1997-03-15
451,삼일기업공사,002290.KQ,1992-11-30
452,삼지전자,037460.KQ,1999-12-16
453,삼진,032750.KQ,1997-07-14
454,삼화네트웍스,046390.KQ,2001-01-11
455,상보,027580.KQ,2007-10-01
456,상신이디피,091580.KQ,2007-05-23
457,서린바이오,038070.KQ,2005-10-25
458,서연탑메탈,019770.KQ,2011-06-24
459,서울바이오시스,092190.KQ,2020-03-06
460,서호전기,065710.KQ,2002-07-16
461,성우하이텍,015750.KQ,1995-11-04
462,세경하이테크,148150.KQ,2019-07-30
463,세명전기,017510.KQ,1991-12-26
464,셀바스AI,108860.KQ,2009-12-10
465,손오공,066910.KQ,2005-01-07
466,솔루에타,154040.KQ,2013-12-27
467,수성,084180.KQ,2005-12-16
468,슈프리마,236200.KQ,2016-02-05
469,스튜디오드래곤,253450.KQ,2017-11-24
470,신라에스지,025870.KQ,1995-07-07
471,신라젠,215600.KQ,2016-12-06
472,신영스팩5호,323280.KQ,2019-06-24
473,신한제6호스팩,333050.KQ,2019-10-31
474,아가방컴퍼니,013990.KQ,2002-01-17
475,아래스,050320.KQ,2002-01-15
476,아모텍,052710.KQ,2003-08-01
477,아미코젠,092040.KQ,2013-09-12
478,아이에이,038880.KQ,2000-04-27
479,아이에이네트웍스,123010.KQ,2016-07-20
480,아이톡시,052770.KQ,2002-08-22
481,액트로,290740.KQ,2018-08-28
482,에스모,073070.KQ,2004-01-28
483,에스에스알,275630.KQ,2018-08-06
484,에스제이그룹,306040.KQ,2019-11-18
485,에스제이케이,080440.KQ,2005-05-13
486,에스티팜,237690.KQ,2016-06-23
487,에이씨티,138360.KQ,2013-11-08
488,에프알텍,073540.KQ,2007-05-18
489,에프에스티,036810.KQ,2000-01-18
490,엔시트론,101400.KQ,2009-03-31
491,엔에이치스팩14호,319400.KQ,2019-05-08
492,영신금속,007530.KQ,1994-08-05
493,예림당,036000.KQ,1999-11-30
494,오르비텍,046120.KQ,2010-06-15
495,오성첨단소재,052420.KQ,2001-08-07
496,오션브릿지,241790.KQ,2016-12-01
497,우리손에프앤지,073560.KQ,2016-07-27
498,우수AMS,066590.KQ,2003-02-12
499,원일특강,012620.KQ,1994-06-28
500,윈하이텍,192390.KQ,2014-07-25
501,윌링스,313760.KQ,2019-07-25
502,유니테스트,086390.KQ,2006-12-05
503,유바이오로직스,206650.KQ,2017-01-24
504,유안타제6호스팩,340360.KQ,2019-12-19
505,육일씨엔에쓰,191410.KQ,2015-12-24
506,이글루시큐리티,067920.KQ,2010-08-04
507,이글벳,044960.KQ,2000-11-16
508,이녹스,088390.KQ,2006-10-20
509,이랜시스,264850.KQ,2017-06-01
510,이베스트스팩5호,349720.KQ,2020-05-20
511,이에스에이,052190.KQ,2001-06-21
512,이엠앤아이,083470.KQ,2008-09-18
513,이엠텍,091120.KQ,2007-05-02
514,이즈미디어,181340.KQ,2017-07-26
515,이지케어텍,099750.KQ,2019-03-22
516,인선이엔티,060150.KQ,2002-06-14
517,인포마크,175140.KQ,2015-09-23
518,인포바인,115310.KQ,2010-02-09
519,인포뱅크,039290.KQ,2006-07-04
520,잉크테크,049550.KQ,2002-02-28
521,전진바이오팜,110020.KQ,2018-12-14
522,정다운,208140.KQ,2014-12-17
523,제놀루션,225220.KQ,2020-07-24
524,제이스텍,090470.KQ,2007-01-10
525,제일바이오,052670.KQ,2002-01-24
526,젬백스지오,041590.KQ,2002-11-01
527,조이맥스,101730.KQ,2009-06-03
528,줌인터넷,239340.KQ,2016-06-09
529,지니뮤직,043610.KQ,2000-07-20
530,지니언스,263860.KQ,2017-08-02
531,지란지교시큐리티,208350.KQ,2014-12-24
532,지스마트글로벌,114570.KQ,2010-02-04
533,지티지웰니스,219750.KQ,2018-09-21
534,참좋은여행,094850.KQ,2007-04-30
535,천보,278280.KQ,2019-02-11
536,초록뱀,047820.KQ,2002-12-24
537,컴투스,078340.KQ,2007-07-06
538,케이비제19호스팩,330990.KQ,2019-09-30
539,케이씨피드,025880.KQ,1995-07-07
540,케이엔더블유,105330.KQ,2009-09-29
541,코너스톤네트웍스,033110.KQ,1997-08-18
542,코데즈컴바인,047770.KQ,2001-09-18
543,코메론,049430.KQ,2001-01-16
544,코미팜,041960.KQ,2001-10-30
545,코아시아,045970.KQ,2000-08-03
546,코오롱생명과학,102940.KQ,2009-04-07
547,코웰패션,033290.KQ,1997-10-13
548,코위버,056360.KQ,2001-12-04
549,큐브엔터,182360.KQ,2013-11-21
550,크로바하이텍,043590.KQ,2001-12-20
551,크리스탈지노믹스,083790.KQ,2006-01-06
552,클리오,237880.KQ,2016-11-09
553,키움제5호스팩,311270.KQ,2018-12-26
554,테고사이언스,191420.KQ,2014-11-06
555,테라사이언스,073640.KQ,2004-01-06
556,테라젠이텍스,066700.KQ,2004-05-27
557,테스나,131970.KQ,2013-10-22
558,티에스아이,277880.KQ,2020-07-22
559,파루,043200.KQ,2000-07-19
560,파멥신,208340.KQ,2018-11-21
561,파수,150900.KQ,2013-10-18
562,파워로직스,047310.KQ,2003-07-25
563,파인디지털,038950.KQ,2000-05-04
564,팬엔터테인먼트,068050.KQ,2006-07-07
565,펄어비스,263750.KQ,2017-09-14
566,펌텍코리아,251970.KQ,2019-07-04
567,풍강,093380.KQ,2007-06-01
568,플레이디,237820.KQ,2020-03-12
569,피에스텍,002230.KQ,1991-01-04
570,핌스,347770.KQ,2020-09-18
571,하나마이크론,067310.KQ,2005-10-11
572,한국경제TV,039340.KQ,2004-07-30
573,한국바이오젠,318000.KQ,2019-08-01
574,한국비엔씨,256840.KQ,2016-12-28
575,한국아트라스비엑스,023890.KQ,1994-11-23
576,한국알콜,017890.KQ,1992-08-04
577,한국정보인증,053300.KQ,2014-02-04
578,한국정보통신,025770.KQ,1998-01-20
579,한국팩키지,037230.KQ,1999-12-21
580,한글과컴퓨터,030520.KQ,1996-09-24
581,한일단조,024740.KQ,1996-11-29
582,한컴위드,054920.KQ,2001-11-01
583,한탑,002680.KQ,1995-07-07
584,현진소재,053660.KQ,2002-02-15
585,형지I&C,011080.KQ,2004-07-02
586,휴네시온,290270.KQ,2018-08-02
587,휴맥스홀딩스,028080.KQ,1997-04-16
588,흥국에프엔비,189980.KQ,2015-08-07
589,CJ엔터테인,049370.KQ,2002-02-05
590,IC코퍼레이션,080570.KQ,2005-01-19
591,KNS홀딩스,036760.KQ,1999-12-10
592,KTB더블채권1-MF,045800.KQ,2000-07-18
593,KTB전환형41,038760.KQ,2000-03-31
594,SK브로드밴드,033630.KQ,1998-11-12
595,교보그로쓰,035970.KQ,1999-10-29
596,국제엘렉트릭,053740.KQ,2003-03-21
597,그로웰전자,009220.KQ,1994-10-07
598,그로웰텔레콤,035780.KQ,2000-01-13
599,글로벌하이1,038770.KQ,2000-03-17
600,금성제관,018840.KQ,1996-07-01
601,남송개발,006000.KQ,1996-07-01
602,네스테크,037540.KQ,1999-12-21
603,넥스지,081970.KQ,2007-08-20
604,넥스콘테크,038990.KQ,2000-05-23
605,다임알짜1호-MF,050350.KQ,2000-12-18
606,단성일렉트론,085990.KQ,2006-05-23
607,대선조선,031990.KQ,1997-01-07
608,대전금고,006300.KQ,1996-07-01
609,더존디지털,045380.KQ,2000-12-07
610,동미전기,008330.KQ,1996-07-01
611,디에스피,016040.KQ,1993-12-07
612,디이시스,053200.KQ,2001-12-26
613,마이다스30,043040.KQ,2000-06-16
614,마이다스페셜,039540.KQ,2000-03-31
615,마이다스하이테크성장,036400.KQ,1999-11-12
616,마이스코,088700.KQ,2008-01-25
617,마인,039500.KQ,2000-03-16
618,미래에셋대우스팩1호,265480.KQ,2017-05-26
619,미래에셋드림펀드,034820.KQ,1999-06-11
620,미래에셋실크로드이호,035310.KQ,1999-08-13
621,미래코리아1,042950.KQ,2000-06-16
622,바이오빌,065940.KQ,2003-01-07
623,바이오시스,035960.KQ,1999-12-03
624,벤처코스닥,038280.KQ,2000-03-17
625,보광티에스,066690.KQ,2008-10-06
626,부산저축은행,007830.KQ,1993-12-01
627,브이에스에스티,035400.KQ,1999-08-27
628,삼성투신증권,022060.KQ,1999-08-13
629,삼성프라임성장형뮤추,035530.KQ,1999-09-17
630,삼주건설,025150.KQ,1996-07-01
631,세계투어,047600.KQ,2001-01-11
632,세림아이텍,033040.KQ,1997-08-18
633,세미텍,081220.KQ,2008-05-23
634,세아메탈,033020.KQ,2001-05-10
635,세원텔레콤,036910.KQ,1999-11-11
636,스타맥스,017050.KQ,1994-06-28
637,스톰이앤에프,043680.KQ,2000-07-27
638,신중앙금고,007990.KQ,1996-07-01
639,신한종합비료,019230.KQ,1996-07-01
640,쓰리디월드,065340.KQ,2002-09-26
641,씨앤케이인터,039530.KQ,2000-03-21
642,아이디에스,078780.KQ,2005-11-29
643,알바트로스3,036780.KQ,1999-12-24
644,에듀언스,009010.KQ,1993-12-29
645,에버리소스,020070.KQ,1994-12-29
646,에스이아이주,035940.KQ,1999-09-17
647,에스티씨라이프,026220.KQ,1995-10-06
648,에이스앤파트너스,032930.KQ,1997-07-14
649,에피밸리,068630.KQ,2005-10-27
650,엔에스브이,095300.KQ,2009-04-17
651,엔에이치SL스팩,207720.KQ,2014-12-17
652,엔플렉스,040130.KQ,2000-05-03
653,엘리트1호,037670.KQ,2000-01-12
654,엘앤씨피,015390.KQ,2001-08-09
655,엘티삼보,011870.KQ,1996-07-01
656,와이즈파워,040670.KQ,2000-08-18
657,월드그랜드1,038020.KQ,2000-01-12
658,윌텍정보통신,039390.KQ,2000-07-25
659,유에이블,071530.KQ,2004-02-17
660,유퍼트,060670.KQ,2003-06-17
661,이수세라믹,032180.KQ,2000-04-18
662,일공공일안경,032030.KQ,1997-01-23
663,자강,036790.KQ,1999-12-16
664,제너비오믹스,017010.KQ,2003-01-28
665,케이이엔지,077960.KQ,2004-10-29
666,코어비트,056850.KQ,2001-12-20
667,코웰이홀딩스,900020.KQ,2008-01-29
668,콜마파마,038710.KQ,2002-02-19
669,쿠첸,225650.KQ,2015-09-04
670,태영텔스타,060840.KQ,2002-02-07
671,테라리소스,053320.KQ,2002-01-04
672,토자이홀딩스,037700.KQ,1999-12-24
673,투미비티,058900.KQ,2004-10-29
674,파이오니어,035030.KQ,1999-07-16
675,퓨쳐비젼,042570.KQ,2000-10-19
676,프로비타,014420.KQ,1993-11-05
677,플래티넘이천,039520.KQ,2000-03-17
678,하나에프앤아이,025080.KQ,1995-02-01
679,하우리,049130.KQ,2002-01-22
680,현대멀티캡,035910.KQ,1999-11-23
681,협화,007840.KQ,1996-07-01
682,화림모드,045920.KQ,2000-10-06
683,DB금융스팩7호,322780.KQ,2019-05-31
684,EMW,079190.KQ,2005-11-29
685,IBKS제10호스팩,299170.KQ,2018-09-21
686,JTC,950170.KQ,2018-04-06
687,KCC건설,021320.KQ,2001-08-21
688,KCI,036670.KQ,2001-01-03
689,KD,044180.KQ,2000-11-16
690,KG ETS,151860.KQ,2013-07-24
691,KG모빌리언스,046440.KQ,2004-12-14
692,KMH,122450.KQ,2011-05-25
693,NEW,160550.KQ,2014-12-23
694,SBI핀테크솔루션즈,950110.KQ,2012-12-17
695,SGA솔루션즈,184230.KQ,2013-12-20
696,SM Life Design,063440.KQ,2002-05-30
697,W홀딩컴퍼니,052300.KQ,2001-08-02
698,교보9호스팩,331520.KQ,2019-10-29
699,나노신소재,121600.KQ,2011-02-09
700,나인테크,267320.KQ,2017-06-22
701,넥스트아이,137940.KQ,2011-06-14
702,넥슨지티,041140.KQ,2000-07-25
703,노터스,278650.KQ,2019-11-27
704,누리플랜,069140.KQ,2010-10-26
705,뉴프라이드,900100.KQ,2010-04-21
706,다산네트웍스,039560.KQ,2000-06-22
707,다원시스,068240.KQ,2010-09-14
708,대명소노시즌,007720.KQ,1994-01-06
709,대성미생물,036480.KQ,2000-04-04
710,대신밸런스제6호스팩,307750.KQ,2018-12-19
711,대원산업,005710.KQ,1993-06-21
712,덕신하우징,090410.KQ,2014-08-01
713,데일리블록체인,139050.KQ,2011-07-29
714,덴티스,261200.KQ,2017-06-26
715,동신건설,025950.KQ,1995-08-07
716,동일기연,032960.KQ,1997-07-18
717,듀오백,073190.KQ,2004-02-06
718,디딤,217620.KQ,2015-06-10
719,디지아이,043360.KQ,2001-07-20
720,디지털대성,068930.KQ,2003-10-17
721,디티앤씨,187220.KQ,2014-12-17
722,라이브플렉스,050120.KQ,2002-04-25
723,램테크놀러지,171010.KQ,2013-11-18
724,레고켐바이오,141080.KQ,2013-05-10
725,로보스타,090360.KQ,2011-10-17
726,리드코프,012700.KQ,1996-01-19
727,메디콕스,054180.KQ,2001-10-16
728,메디포스트,078160.KQ,2005-07-29
729,바이브컴퍼니,301300.KQ,2020-10-28
730,바이오니아,064550.KQ,2005-12-29
731,베뉴지,019010.KQ,1993-11-05
732,베셀,177350.KQ,2015-06-19
733,보라티알,250000.KQ,2017-06-08
734,부방,014470.KQ,1994-02-25
735,브리지텍,064480.KQ,2008-06-04
736,비디아이,148140.KQ,2017-11-09
737,삼진엘앤디,054090.KQ,2004-02-06
738,삼천리자전거,024950.KQ,1995-01-04
739,삼현철강,017480.KQ,2001-01-09
740,상아프론테크,089980.KQ,2011-07-21
741,서산,079650.KQ,2005-01-21
742,서진오토모티브,122690.KQ,2010-05-25
743,성우테크론,045300.KQ,2001-12-18
744,세운메디칼,100700.KQ,2008-09-30
745,세종텔레콤,036630.KQ,2000-01-04
746,소마젠,950200.KQ,2020-07-13
747,솔고바이오,043100.KQ,2000-08-08
748,솔본,035610.KQ,1999-08-13
749,수산아이앤티,050960.KQ,2016-10-11
750,슈펙스비앤피,058530.KQ,2002-02-05
751,슈피겐코리아,192440.KQ,2014-11-05
752,스맥,099440.KQ,2009-05-26
753,스카이이앤엠,131100.KQ,2011-06-14
754,시공테크,020710.KQ,1999-08-13
755,시그네틱스,033170.KQ,2010-11-26
756,신도기연,290520.KQ,2020-07-06
757,신테카바이오,226330.KQ,2019-12-17
758,신한제5호스팩,323230.KQ,2019-06-19
759,실리콘웍스,108320.KQ,2010-06-08
760,쎄노텍,222420.KQ,2015-08-06
761,쎄미시스코,136510.KQ,2011-11-18
762,쎄트렉아이,099320.KQ,2008-06-13
763,씨엠에스에듀,225330.KQ,2016-04-07
764,씨큐브,101240.KQ,2011-11-08
765,아비코전자,036010.KQ,2002-07-03
766,아이디피,332370.KQ,2020-08-24
767,아이엠이연이,090740.KQ,2007-09-19
768,아주IB투자,027360.KQ,2018-11-21
769,아진산업,013310.KQ,2015-12-22
770,아프리카TV,067160.KQ,2003-12-19
771,알티캐스트,085810.KQ,2013-12-06
772,애니젠,196300.KQ,2016-12-07
773,액션스퀘어,205500.KQ,2014-11-12
774,앤디포스,238090.KQ,2016-10-12
775,앱클론,174900.KQ,2017-09-18
776,에스앤더블류,103230.KQ,2009-08-05
777,에스와이,109610.KQ,2015-12-29
778,에스트래픽,234300.KQ,2017-12-05
779,에스퓨얼셀,288620.KQ,2018-10-15
780,에이디칩스,054630.KQ,2001-11-13
781,에이비엘바이오,298380.KQ,2018-12-19
782,에이스침대,003800.KQ,1996-05-03
783,에이스토리,241840.KQ,2019-07-19
784,에이치시티,072990.KQ,2016-10-17
785,에이텍티앤,224110.KQ,2015-08-25
786,엑셈,205100.KQ,2014-11-07
787,엑스큐어,070300.KQ,2010-06-09
788,엔브이에이치코리아,067570.KQ,2013-12-03
789,엔지켐생명과학,183490.KQ,2018-02-21
790,엔케이맥스,182400.KQ,2015-10-23
791,엔텔스,069410.KQ,2007-06-20
792,엘디티,096870.KQ,2008-05-02
793,엘아이에스,138690.KQ,2011-06-02
794,엘컴텍,037950.KQ,2000-08-24
795,연우,115960.KQ,2015-11-02
796,영림원소프트랩,060850.KQ,2020-08-12
797,예스티,122640.KQ,2015-12-16
798,오스테오닉,226400.KQ,2018-02-22
799,오텍,067170.KQ,2003-11-14
800,와이즈버즈,273060.KQ,2017-08-07
801,원익머트리얼즈,104830.KQ,2011-12-28
802,원익홀딩스,030530.KQ,1996-09-24
803,원풍,008370.KQ,1992-12-18
804,웹젠,069080.KQ,2003-05-23
805,위닉스,044340.KQ,2000-10-24
806,위메이드,112040.KQ,2009-12-18
807,유비벨록스,089850.KQ,2010-06-18
808,유비쿼스,264450.KQ,2017-03-31
809,유안타제4호스팩,313750.KQ,2019-03-21
810,유진테크,084370.KQ,2006-01-17
811,이건홀딩스,039020.KQ,2000-05-04
812,이노와이어리스,073490.KQ,2005-02-04
813,이녹스첨단소재,272290.KQ,2017-07-10
814,이랜텍,054210.KQ,2002-05-09
815,이미지스,115610.KQ,2010-02-26
816,이수앱지스,086890.KQ,2009-02-03
817,인산가,277410.KQ,2017-09-29
818,인성정보,033230.KQ,1999-07-30
819,인탑스,049070.KQ,2002-02-21
820,인터파크,035080.KQ,1999-07-05
821,재영솔루텍,049630.KQ,2003-01-24
822,제낙스,065620.KQ,2002-06-27
823,제이티,089790.KQ,2006-10-27
824,진바이오텍,086060.KQ,2006-04-28
825,진성티이씨,036890.KQ,2000-07-20
826,카이노스메드,284620.KQ,2018-06-08
827,캐리소프트,317530.KQ,2019-10-29
828,캔서롭,180400.KQ,2015-11-20
829,캠시스,050110.KQ,2001-05-17
830,케이비제18호스팩,323940.KQ,2019-06-24
831,케이엠더블유,032500.KQ,2000-03-21
832,케이피에프,024880.KQ,1994-12-29
833,코닉글로리,094860.KQ,2007-04-16
834,코드네이처,078940.KQ,2004-08-27
835,코리아에셋투자증권,190650.KQ,2019-11-20
836,코미코,183300.KQ,2017-03-23
837,코이즈,121850.KQ,2012-09-27
838,큐브앤컴퍼니,043090.KQ,2001-10-11
839,키이스트,054780.KQ,2003-11-14
840,탑엔지니어링,065130.KQ,2003-01-29
841,태웅로직스,124560.KQ,2019-12-10
842,테라셈,182690.KQ,2014-10-30
843,텔콘RF제약,200230.KQ,2014-11-24
844,토비스,051360.KQ,2004-11-19
845,티라유텍,322180.KQ,2019-10-31
846,티씨케이,064760.KQ,2003-08-18
847,파라다이스,034230.KQ,2002-11-05
848,파버나인,177830.KQ,2014-08-04
849,파워넷,037030.KQ,2018-06-07
850,팍스넷,038160.KQ,2016-08-01
851,프로텍,053610.KQ,2001-08-17
852,피에스케이,319660.KQ,2019-05-10
853,피엔티,137400.KQ,2012-07-06
854,피플바이오,304840.KQ,2020-10-19
855,픽셀플러스,087600.KQ,2015-06-12
856,필옵틱스,161580.KQ,2017-06-01
857,하나금융14호스팩,332710.KQ,2019-11-01
858,하나금융16호스팩,343510.KQ,2020-07-23
859,하이제4호스팩,317240.KQ,2019-04-29
860,한국제7호스팩,291210.KQ,2018-05-11
861,한국캐피탈,023760.KQ,1994-11-07
862,한류타임즈,039670.KQ,2004-01-16
863,한일네트웍스,046110.KQ,2006-01-20
864,해마로푸드서비스,220630.KQ,2015-08-28
865,헬릭스미스,084990.KQ,2005-12-29
866,희림,037440.KQ,2000-02-03
867,KCW,068060.KQ,2003-01-28
868,KEPS,046810.KQ,2000-08-18
869,KTB벤처1-MF,038370.KQ,2000-03-17
870,LG마이크론,016990.KQ,2000-12-21
871,MTRON,046320.KQ,2001-04-10
872,SSCP,071660.KQ,2005-10-18
873,UC아이콜스,065810.KQ,2003-02-12
874,VK,048760.KQ,2000-10-12
875,강남화성,007140.KQ,1996-07-01
876,교하산업,013850.KQ,1996-07-01
877,글로벌파워,064910.KQ,2002-01-28
878,금강제강,105070.KQ,2010-02-02
879,나이스메탈,072530.KQ,2003-12-05
880,다산씨앤아이,037200.KQ,1999-12-28
881,대구리스금융,025090.KQ,1996-07-01
882,대륭산업,027610.KQ,1996-09-24
883,대주코레스,008340.KQ,1992-12-29
884,대진동관공업,014210.KQ,1996-07-01
885,대한바이오링크,041500.KQ,2001-01-16
886,더체인지,054120.KQ,2002-06-18
887,동서정보기술,055000.KQ,2001-12-18
888,동호전기,022510.KQ,1997-08-18
889,디보스,080140.KQ,2005-05-27
890,디에스,051710.KQ,2004-06-18
891,디에이치패션,045260.KQ,2001-11-08
892,라인건설,017620.KQ,1996-07-01
893,리드,197210.KQ,2015-11-20
894,리젠트빅히트,039270.KQ,2000-04-21
895,마이다스전이,038310.KQ,2000-01-28
896,마이다스차익,048660.KQ,2000-09-25
897,마이다스테2,039050.KQ,2000-03-17
898,모라리소스,018890.KQ,1992-12-18
899,미디어코프,053890.KQ,2002-05-07
900,미래셀렉티브-MF,052540.KQ,2001-04-02
901,미래알바1,044410.KQ,2000-07-10
902,미래에셋이글사호펀드,034570.KQ,1999-07-16
903,미래에셋이글삼호펀드,034560.KQ,1999-06-11
904,미래하이1호,038580.KQ,2000-03-31
905,미래한아름1-MF,044890.KQ,2000-07-10
906,범양사,002480.KQ,1994-12-29
907,보성건설,018230.KQ,1996-07-01
908,보홍,041320.KQ,2000-08-08
909,사이버패스,063280.KQ,2006-07-04
910,삼산,012010.KQ,1996-07-01
911,삼우이엠씨,026250.KQ,1995-11-04
912,삼천전기,008920.KQ,1996-07-01
913,세이우량채권,044240.KQ,2000-06-30
914,세이플러스혼합형펀드,051070.KQ,2001-02-05
915,솔빛미디어,044440.KQ,2000-08-03
916,슈마,056500.KQ,2002-06-04
917,신신상사,012360.KQ,1996-07-01
918,쌈지,033260.KQ,2001-02-01
919,써미트,039000.KQ,2002-01-31
920,썬텍,122800.KQ,2010-11-26
921,씨엘인터내셔널,037340.KQ,1999-12-14
922,씨티엘테크,088960.KQ,2006-06-30
923,아시아미디어홀딩스,052810.KQ,2001-12-13
924,아이레보,072430.KQ,2003-12-29
925,알덱스,025970.KQ,1995-09-07
926,알바트로스 4,037180.KQ,2000-01-28
927,에듀아크,046350.KQ,2000-08-24
928,에스디,066930.KQ,2003-01-24
929,에스에스컴텍,036500.KQ,1999-12-14
930,에스에프씨,112240.KQ,2011-11-30
931,에스이아이채,035930.KQ,1999-10-01
932,에이스하이텍,071930.KQ,2004-01-16
933,엑스씨이,081500.KQ,2006-07-21
934,엑큐리스,048460.KQ,2000-12-14
935,엔스퍼트,098400.KQ,2008-01-30
936,엠텍반도체,054440.KQ,2001-11-22
937,엠텍비젼,074000.KQ,2004-01-06
938,영진코퍼레이션,053330.KQ,2001-11-01
939,우주건설,002190.KQ,1996-07-01
940,우풍금고,016620.KQ,1996-07-01
941,울트라건설,004320.KQ,1991-12-06
942,월드그랜드2,039160.KQ,2000-04-21
943,월드텔레콤,047610.KQ,2000-12-12
944,유니드코리아,110500.KQ,2011-06-17
945,유산실업,015910.KQ,1996-07-01
946,이엘케이,094190.KQ,2007-10-29
947,인젠,041630.KQ,2002-01-15
948,제이콤,060750.KQ,2002-04-11
949,주화산업,017740.KQ,1996-07-01
950,중앙금고,025220.KQ,1996-07-01
951,지니웍스,036600.KQ,2000-01-11
952,지앤디윈텍,061050.KQ,2003-01-06
953,지오엠씨,033030.KQ,1997-08-18
954,카인드웨어서울,032970.KQ,1997-08-06
955,케이알,035950.KQ,1999-12-21
956,케이티비스팩1호,204650.KQ,2014-11-24
957,코리아링크,037410.KQ,1999-12-21
958,코아에스앤아이,052350.KQ,2001-07-20
959,타임,046930.KQ,2000-08-18
960,태광이엔시,048140.KQ,2001-04-26
961,테이크시스템,076090.KQ,2005-07-26
962,테크메이트,043690.KQ,2001-06-28
963,텔슨전자,027350.KQ,1996-07-06
964,트레이스,052290.KQ,2001-05-31
965,포넷,048270.KQ,2003-01-24
966,폴리플러스,065610.KQ,2002-12-06
967,프리젠,060910.KQ,2002-12-13
968,플러스2호,035160.KQ,1999-07-16
969,하이프로증권투자회사,034920.KQ,1999-05-14
970,한국금고,006540.KQ,1996-07-01
971,한국대아진공,029470.KQ,1996-09-02
972,한빛세이프티이호증권,034440.KQ,1999-03-12
973,한빛세이프티일호증권,034430.KQ,1999-03-12
974,한양철강,026930.KQ,1996-07-01
975,한진피앤씨,061460.KQ,2002-04-11
976,DSC인베스트먼트,241520.KQ,2016-12-19
977,NHN벅스,104200.KQ,2009-10-06
978,SDN,099220.KQ,2009-05-19
979,SK4호스팩,307070.KQ,2018-12-07
980,SKC 솔믹스,057500.KQ,2001-12-26
981,SK머티리얼즈,036490.KQ,1999-12-14
982,WI,073570.KQ,2004-01-06
983,가비아,079940.KQ,2005-10-19
984,경남스틸,039240.KQ,2000-03-07
985,국일신동,060480.KQ,2014-12-29
986,글로벌텍스프리,204620.KQ,2014-11-19
987,글로본,019660.KQ,1992-06-04
988,나노,187790.KQ,2014-05-08
989,네오셈,253590.KQ,2018-04-04
990,네오위즈홀딩스,042420.KQ,2000-06-27
991,네이블커뮤니케이션즈,153460.KQ,2012-07-19
992,넥스트BT,065170.KQ,2002-11-19
993,대신밸런스제7호스팩,332290.KQ,2019-10-11
994,대양전기공업,108380.KQ,2011-07-08
995,대원,007680.KQ,2017-12-01
996,대한뉴팜,054670.KQ,2002-02-26
997,덕산테코피아,317330.KQ,2019-08-02
998,덕산하이메탈,077360.KQ,2005-10-14
999,동국제약,086450.KQ,2007-05-29
1000,동진쎄미켐,005290.KQ,1999-12-21
1001,디바이스이엔지,187870.KQ,2017-12-20
1002,디알젬,263690.KQ,2018-11-22
1003,디에스티,033430.KQ,1998-05-25
1004,라이브파이낸셜,036170.KQ,1999-12-21
1005,라이온켐텍,171120.KQ,2013-11-19
1006,레이크머티리얼즈,281740.KQ,2017-12-12
1007,로지시스,067730.KQ,2015-07-29
1008,릭스솔루션,029480.KQ,1996-08-27
1009,링네트,042500.KQ,2002-01-10
1010,마이크로프랜드,147760.KQ,2016-12-12
1011,메가스터디교육,215200.KQ,2015-05-04
1012,모헨즈,006920.KQ,1989-01-05
1013,민앤지,214180.KQ,2015-06-30
1014,바른손이앤에이,035620.KQ,1999-08-13
1015,바이온,032980.KQ,1997-08-06
1016,베노홀딩스,206400.KQ,2014-12-10
1017,비보존 헬스케어,082800.KQ,2005-11-18
1018,비에이치아이,083650.KQ,2005-12-02
1019,새로닉스,042600.KQ,2002-10-01
1020,서울반도체,046890.KQ,2002-01-17
1021,서울전자통신,027040.KQ,1999-12-03
1022,서원인텍,093920.KQ,2007-12-20
1023,선데이토즈,123420.KQ,2010-11-10
1024,성호전자,043260.KQ,2001-11-29
1025,센코,347000.KQ,2020-10-29
1026,슈프리마에이치큐,094840.KQ,2008-07-11
1027,스타플렉스,115570.KQ,2010-01-27
1028,시노펙스,025320.KQ,1995-04-20
1029,시스웍,269620.KQ,2017-12-26
1030,신원종합개발,017000.KQ,1994-12-07
1031,신흥에스이씨,243840.KQ,2017-09-27
1032,씨앤지하이테크,264660.KQ,2018-01-25
1033,씨티씨바이오,060590.KQ,2002-02-21
1034,아스타,246720.KQ,2017-03-20
1035,아시아종묘,154030.KQ,2018-02-12
1036,아우딘퓨쳐스,227610.KQ,2017-07-12
1037,아이엘사이언스,307180.KQ,2018-12-21
1038,아이진,185490.KQ,2015-11-16
1039,아이큐어,175250.KQ,2018-07-12
1040,아이크래프트,052460.KQ,2005-01-03
1041,안트로젠,065660.KQ,2016-02-15
1042,알에스오토메이션,140670.KQ,2017-08-11
1043,에스디생명공학,217480.KQ,2017-03-02
1044,에스씨엠생명과학,298060.KQ,2020-06-17
1045,에스앤씨엔진그룹,900080.KQ,2009-12-04
1046,에스텍파마,041910.KQ,2004-02-06
1047,에이비프로바이오,195990.KQ,2015-04-13
1048,에이스테크,088800.KQ,2006-03-27
1049,에이치엔티,176440.KQ,2016-11-28
1050,에이치엘사이언스,239610.KQ,2016-10-28
1051,에이치엠씨제4호스팩,353070.KQ,2020-07-29
1052,에이티세미콘,089530.KQ,2011-11-11
1053,에이팩트,200470.KQ,2014-12-26
1054,에이프로젠 H&G,109960.KQ,2009-11-13
1055,에코플라스틱,038110.KQ,2000-03-23
1056,엑사이엔씨,054940.KQ,2001-12-13
1057,엔에스,217820.KQ,2015-12-07
1058,엔에스엔,031860.KQ,1997-01-07
1059,엔지스테크널러지,208860.KQ,2016-07-28
1060,엔피디,198080.KQ,2020-03-16
1061,엘오티베큠,083310.KQ,2005-10-05
1062,엠브레인,169330.KQ,2020-07-01
1063,엠투아이,347890.KQ,2020-07-29
1064,엠플러스,259630.KQ,2017-09-20
1065,예스24,053280.KQ,2008-05-07
1066,오가닉티코스메틱,900300.KQ,2016-11-04
1067,옵트론텍,082210.KQ,2005-06-24
1068,옵티팜,153710.KQ,2018-10-26
1069,와이솔,122990.KQ,2010-09-10
1070,와이아이케이,232140.KQ,2015-12-24
1071,우노앤컴퍼니,114630.KQ,2010-01-15
1072,우리산업홀딩스,072470.KQ,2003-10-28
1073,우림기계,101170.KQ,2009-04-28
1074,우양,103840.KQ,2019-11-20
1075,우진비앤지,018620.KQ,2008-05-20
1076,원익,032940.KQ,1997-07-18
1077,유성티엔에스,024800.KQ,1999-12-10
1078,유에스티,263770.KQ,2017-04-06
1079,이노인스트루먼트,215790.KQ,2015-05-08
1080,이루온,065440.KQ,2003-01-28
1081,이엘피,063760.KQ,2017-04-06
1082,이지홀딩스,035810.KQ,1999-11-23
1083,이트론,096040.KQ,2008-01-25
1084,인터플렉스,051370.KQ,2003-01-22
1085,전파기지국,065530.KQ,2002-06-04
1086,제너셈,217190.KQ,2015-09-25
1087,제넥신,095700.KQ,2009-09-15
1088,제넨바이오,072520.KQ,2004-10-29
1089,제노레이,122310.KQ,2018-05-28
1090,제로투세븐,159580.KQ,2013-02-19
1091,제룡전기,033100.KQ,1997-08-18
1092,제이씨현시스템,033320.KQ,1997-11-10
1093,조광ILI,044060.KQ,2001-01-18
1094,칩스앤미디어,094360.KQ,2015-08-05
1095,컴퍼니케이,307930.KQ,2019-05-23
1096,케이사인,192250.KQ,2014-04-28
1097,케이씨에스,115500.KQ,2010-04-14
1098,케이아이엔엑스,093320.KQ,2011-02-08
1099,켐온,217600.KQ,2015-06-26
1100,코맥스,036690.KQ,2000-01-18
1101,코세스,089890.KQ,2006-11-08
1102,코스메카코리아,241710.KQ,2016-10-28
1103,코엔텍,029960.KQ,2004-06-18
1104,코텍,052330.KQ,2001-07-10
1105,콜마비앤에이치,200130.KQ,2014-07-23
1106,큐캐피탈,016600.KQ,1993-06-21
1107,타이거일렉,219130.KQ,2015-09-25
1108,티로보틱스,117730.KQ,2018-11-29
1109,파마리서치프로덕트,214450.KQ,2015-07-24
1110,파인디앤씨,049120.KQ,2001-07-26
1111,파인텍,131760.KQ,2015-08-17
1112,펩트론,087010.KQ,2015-07-22
1113,포스링크,056730.KQ,2002-01-04
1114,풍국주정,023900.KQ,1994-11-23
1115,퓨쳐켐,220100.KQ,2016-12-01
1116,피씨디렉트,051380.KQ,2002-02-15
1117,피에스케이홀딩스,031980.KQ,1997-01-07
1118,하이로닉,149980.KQ,2014-12-17
1119,하이소닉,106080.KQ,2010-02-09
1120,한국유니온제약,080720.KQ,2018-07-26
1121,한국전자금융,063570.KQ,2006-07-14
1122,한국컴퓨터,054040.KQ,2002-01-15
1123,한국테크놀로지,053590.KQ,2001-08-23
1124,한일사료,005860.KQ,1994-11-07
1125,헝셩그룹,900270.KQ,2016-08-18
1126,화일약품,061250.KQ,2002-04-18
1127,효성오앤비,097870.KQ,2008-04-08
1128,휘닉스소재,050090.KQ,2004-06-29
1129,휴온스,243070.KQ,2016-06-03
1130,휴젤,145020.KQ,2015-12-24
1131,GT&T,053870.KQ,2001-12-13
1132,HK저축은행,007640.KQ,1992-08-01
1133,KTB전환32,044400.KQ,2000-06-30
1134,국정교과서,024930.KQ,1996-07-01
1135,그린기술투자,025340.KQ,2000-05-04
1136,그린에셋일호,045080.KQ,2000-07-24
1137,금강정공,022770.KQ,1996-07-01
1138,나노트로닉스,010670.KQ,1996-05-14
1139,남신,008680.KQ,1996-07-01
1140,네오리소스,058550.KQ,2002-05-07
1141,네오세미테크,089240.KQ,2006-12-22
1142,네오퍼플,028090.KQ,1996-11-29
1143,네프로아이티,950030.KQ,2009-04-24
1144,녹십자의공,014660.KQ,1996-07-01
1145,뉴씨앤씨,045240.KQ,2001-08-07
1146,다임마이스터전환형일,036430.KQ,1999-10-15
1147,대신밸런스제4호스팩,262830.KQ,2017-03-03
1148,데코앤이,017680.KQ,1993-09-03
1149,동방금고,008410.KQ,1996-07-01
1150,동산진흥,031960.KQ,1996-12-23
1151,디씨씨,034750.KQ,1999-06-11
1152,디아이디,074130.KQ,2005-07-27
1153,디패션,030420.KQ,1997-07-04
1154,렉스엘이앤지,004790.KQ,1995-12-23
1155,로보트보일러,010920.KQ,1996-07-01
1156,리젠트프로1,037430.KQ,1999-12-24
1157,리타워텍,020860.KQ,1991-03-25
1158,마이다스전환형일호펀,036040.KQ,1999-11-12
1159,맥스브로,088810.KQ,2006-04-17
1160,모다,149940.KQ,2012-09-25
1161,미래아이티3,040940.KQ,2000-05-15
1162,미래에셋드림삼호펀드,035330.KQ,1999-08-13
1163,미래에셋스팩1호,121950.KQ,2010-03-12
1164,미래에셋이글일호펀드,034450.KQ,1999-04-16
1165,미리넷,056710.KQ,2002-01-10
1166,박현주드림칠호자산배,035790.KQ,1999-10-15
1167,박현주자산1,037490.KQ,2000-01-28
1168,블루멈,033880.KQ,1998-10-13
1169,블루스톤,033720.KQ,2000-06-27
1170,비앤비성원,015200.KQ,1997-01-17
1171,비전하이테크,015050.KQ,1994-01-06
1172,삼경정밀,013320.KQ,1996-07-01
1173,삼화기연,033210.KQ,1997-10-13
1174,삼화정밀,021220.KQ,1996-07-01
1175,샤인시스템,066300.KQ,2002-09-25
1176,서울가든,011520.KQ,1996-07-01
1177,성담,003860.KQ,1996-07-01
1178,성진산업,037650.KQ,1999-12-24
1179,세라온,050600.KQ,2001-06-21
1180,세본금속,020620.KQ,1996-07-01
1181,시스컴,037280.KQ,2000-02-29
1182,신림종합건설,014270.KQ,1996-07-01
1183,신우산업기기,016310.KQ,1996-07-01
1184,신한에스아이티,054530.KQ,2001-08-28
1185,신한제3호스팩,257730.KQ,2017-02-23
1186,실크자산3,037040.KQ,1999-12-24
1187,써니트렌드,035500.KQ,1999-07-16
1188,아이알디,084810.KQ,2006-06-27
1189,아이이,023430.KQ,1994-10-07
1190,아이텍스필,008030.KQ,2000-04-04
1191,아인스M&M,040740.KQ,2004-01-28
1192,어울림정보,038320.KQ,2002-04-23
1193,에스비엠,037630.KQ,1999-12-24
1194,에스씨옵티콤,014090.KQ,1996-07-01
1195,에스오케이,032610.KQ,1997-05-02
1196,에스피컴텍,039110.KQ,2001-08-28
1197,에어로시스템,018740.KQ,1996-07-01
1198,에이스디지텍,036550.KQ,2003-01-07
1199,엔에스아이,053250.KQ,2001-07-20
1200,엠엔에프씨,048640.KQ,2001-01-09
1201,올에버,034970.KQ,1999-05-14
1202,우수씨엔에스,060550.KQ,2002-02-28
1203,우양에이치씨,101970.KQ,2012-07-26
1204,우영,012460.KQ,1996-01-10
1205,위너지스,026260.KQ,1996-09-24
1206,유천건설,016230.KQ,1996-07-01
1207,이룸지엔지,050640.KQ,2005-08-05
1208,인스프리트,073130.KQ,2005-01-19
1209,자유건설,001990.KQ,1996-07-01
1210,정일이엔씨,010810.KQ,1997-08-06
1211,제이엠피,054790.KQ,2001-12-06
1212,주은리스,030970.KQ,1996-10-24
1213,지앤에스티,036920.KQ,1999-12-21
1214,징기스칸1호,039170.KQ,2000-03-31
1215,카리스소프트,024080.KQ,1994-12-07
1216,케이비제9호스팩,232270.KQ,2016-02-29
1217,코아정보,039990.KQ,2000-06-13
1218,크롭사이언스,000870.KQ,1996-07-01
1219,크린3호,045870.KQ,2000-08-14
1220,크린4호,049850.KQ,2000-12-04
1221,태산엘시디,036210.KQ,1999-11-16
1222,태창파로스,039850.KQ,2000-07-11
1223,프라임저축은행,008170.KQ,1996-07-01
1224,플러스3호,035410.KQ,1999-08-27
1225,피앤텔,054340.KQ,2002-01-10
1226,피엘에이,082390.KQ,2005-07-26
1227,피케이엘,039870.KQ,2000-08-18
1228,하이켐,021660.KQ,1996-07-01
1229,하이콤,048540.KQ,2001-07-31
1230,한국산업투자,019530.KQ,1996-07-01
1231,한빛방송,043890.KQ,2000-08-10
1232,한서금고,023580.KQ,1996-07-01
1233,한서제약,044070.KQ,2004-11-19
1234,한신코퍼,037120.KQ,1999-11-18
1235,한텔,041940.KQ,2001-07-24
1236,핸디소프트,032380.KQ,1999-11-23
1237,형진건설,006520.KQ,1996-07-01
1238,혜성테푸,006860.KQ,1996-07-01
1239,후야인포넷,032050.KQ,1997-01-23
1240,휴먼텍코리아,066060.KQ,2002-08-16
1241,CNH,023460.KQ,1994-10-07
1242,DMS,068790.KQ,2004-10-01
1243,GH신소재,130500.KQ,2013-08-02
1244,IBKS제11호스팩,335890.KQ,2019-12-03
1245,IBKS제14호스팩,351320.KQ,2020-06-22
1246,KBI메탈,024840.KQ,1994-12-29
1247,KMH하이텍,052900.KQ,2005-01-18
1248,KNN,058400.KQ,2010-11-03
1249,KTH,036030.KQ,1999-12-24
1250,KT서브마린,060370.KQ,2002-02-15
1251,SBS콘텐츠허브,046140.KQ,2003-02-05
1252,SG&G,040610.KQ,2000-04-27
1253,SGA,049470.KQ,2001-10-11
1254,SNK,950180.KQ,2019-05-07
1255,SV인베스트먼트,289080.KQ,2018-07-06
1256,TPC,048770.KQ,2001-01-16
1257,TS인베스트먼트,246690.KQ,2016-12-15
1258,YBM넷,057030.KQ,2004-06-08
1259,iMBC,052220.KQ,2005-01-21
1260,가온미디어,078890.KQ,2005-07-12
1261,경동제약,011040.KQ,1992-12-18
1262,골든센츄리,900280.KQ,2016-10-19
1263,광진윈텍,090150.KQ,2006-10-20
1264,구영테크,053270.KQ,2002-02-07
1265,국보디자인,066620.KQ,2002-09-05
1266,글로스퍼랩스,032860.KQ,1997-07-04
1267,나이스정보통신,036800.KQ,2000-05-03
1268,남화산업,111710.KQ,2018-11-29
1269,네스엠,056000.KQ,2003-07-11
1270,네오오토,212560.KQ,2015-11-18
1271,네오위즈,095660.KQ,2007-07-02
1272,네오크레마,311390.KQ,2019-08-22
1273,넷게임즈,225570.KQ,2015-09-25
1274,노랑풍선,104620.KQ,2019-01-30
1275,노바텍,285490.KQ,2018-11-02
1276,뉴보텍,060260.KQ,2002-02-05
1277,다날,064260.KQ,2004-07-23
1278,다우데이타,032190.KQ,1999-12-21
1279,대원미디어,048910.KQ,2001-07-31
1280,대한과학,131220.KQ,2011-10-11
1281,대호피앤씨,021040.KQ,1996-08-27
1282,대화제약,067080.KQ,2003-02-14
1283,동아화성,041930.KQ,2001-12-26
1284,동양파일,228340.KQ,2016-04-06
1285,디앤씨미디어,263720.KQ,2017-08-01
1286,디이엔티,079810.KQ,2005-01-26
1287,라닉스,317120.KQ,2019-09-18
1288,라온피플,300120.KQ,2019-10-18
1289,라이트론,069540.KQ,2004-02-13
1290,랩지노믹스,084650.KQ,2014-12-16
1291,로스웰,900260.KQ,2016-06-30
1292,리더스코스메틱,016100.KQ,2003-01-15
1293,리메드,302550.KQ,2019-12-06
1294,린드먼아시아,277070.KQ,2018-03-14
1295,마니커에프앤지,195500.KQ,2019-08-20
1296,메가엠디,133750.KQ,2015-12-18
1297,메드팩토,235980.KQ,2019-12-19
1298,메카로,241770.KQ,2017-12-06
1299,모베이스,101330.KQ,2010-02-04
1300,모아텍,033200.KQ,1997-10-13
1301,미래에셋대우스팩4호,333430.KQ,2019-11-06
1302,바이오스마트,038460.KQ,2000-06-22
1303,바텍,043150.KQ,2006-09-29
1304,보광산업,225530.KQ,2015-12-17
1305,본느,226340.KQ,2015-11-05
1306,브릿지바이오,288330.KQ,2019-12-20
1307,블러썸엠앤씨,263920.KQ,2017-09-28
1308,비엠티,086670.KQ,2007-11-02
1309,비츠로셀,082920.KQ,2009-10-28
1310,삼보모터스,053700.KQ,2001-11-06
1311,삼영엠텍,054540.KQ,2001-11-15
1312,삼천당제약,000250.KQ,2000-10-04
1313,샘코,263540.KQ,2017-09-15
1314,서울옥션,063170.KQ,2008-07-01
1315,서한,011370.KQ,1994-05-24
1316,성도이엔지,037350.KQ,2000-01-11
1317,성우전자,081580.KQ,2007-10-12
1318,세동,053060.KQ,2001-08-17
1319,세미콘라이트,214310.KQ,2015-06-25
1320,세원,234100.KQ,2017-10-20
1321,세원물산,024830.KQ,1994-12-29
1322,셀리버리,268600.KQ,2018-11-09
1323,소룩스,290690.KQ,2020-11-06
1324,소프트캠프,258790.KQ,2017-04-27
1325,스카이문스테크놀로지,033790.KQ,2001-06-26
1326,스킨앤스킨,159910.KQ,2012-12-27
1327,시너지이노베이션,048870.KQ,2004-08-13
1328,신성델타테크,065350.KQ,2004-08-06
1329,신화인터텍,056700.KQ,2001-12-13
1330,싸이토젠,217330.KQ,2018-11-22
1331,아이컴포넌트,059100.KQ,2008-12-16
1332,아즈텍WB,032080.KQ,2000-10-26
1333,안랩,053800.KQ,2001-09-13
1334,알서포트,131370.KQ,2011-01-05
1335,액트,131400.KQ,2010-12-27
1336,어보브반도체,102120.KQ,2009-06-05
1337,에너토크,019990.KQ,2006-02-01
1338,에버다임,041440.KQ,2003-11-14
1339,에스넷,038680.KQ,2000-04-27
1340,에스디시스템,121890.KQ,2010-07-16
1341,에스앤에스텍,101490.KQ,2009-04-14
1342,에스에이엠티,031330.KQ,2000-05-23
1343,에스티큐브,052020.KQ,2001-07-05
1344,에스피지,058610.KQ,2002-07-23
1345,에이프로,262260.KQ,2020-07-16
1346,에이피티씨,089970.KQ,2018-08-23
1347,에코마케팅,230360.KQ,2016-08-08
1348,에코바이오,038870.KQ,2001-05-29
1349,에코캡,128540.KQ,2018-12-05
1350,에프앤리퍼블릭,064090.KQ,2002-12-17
1351,에프엔에스테크,083500.KQ,2017-02-27
1352,엔바이오니아,317870.KQ,2019-10-24
1353,엔에이치스팩13호,310840.KQ,2018-12-24
1354,엘엠에스,073110.KQ,2007-10-12
1355,엠아이텍,179290.KQ,2018-11-29
1356,엠에스오토텍,123040.KQ,2010-08-06
1357,엠케이전자,033160.KQ,1997-11-10
1358,오이솔루션,138080.KQ,2014-02-27
1359,올리패스,244460.KQ,2019-09-20
1360,와이엠씨,155650.KQ,2012-11-15
1361,와이엠티,251370.KQ,2017-04-27
1362,와이제이엠게임즈,193250.KQ,2014-12-29
1363,와이팜,332570.KQ,2020-07-31
1364,우리넷,115440.KQ,2010-01-27
1365,우리조명,037400.KQ,1999-12-16
1366,원익IPS,240810.KQ,2016-05-02
1367,위세아이텍,065370.KQ,2020-02-10
1368,유니슨,018000.KQ,1996-01-10
1369,유니크,011320.KQ,1993-12-29
1370,유아이디,069330.KQ,2003-08-18
1371,유아이엘,049520.KQ,2001-08-02
1372,이상네트웍스,080010.KQ,2005-09-30
1373,이엠코리아,095190.KQ,2007-10-29
1374,이오플로우,294090.KQ,2020-09-14
1375,이큐셀,160600.KQ,2015-06-26
1376,이퓨쳐,134060.KQ,2011-04-27
1377,이화공영,001840.KQ,1994-11-23
1378,인텔리안테크,189300.KQ,2016-10-18
1379,인피니트헬스케어,071200.KQ,2010-05-26
1380,일신바이오,068330.KQ,2007-12-26
1381,잉글우드랩,950140.KQ,2016-10-14
1382,정원엔시스,045510.KQ,2000-09-07
1383,제이씨케미칼,137950.KQ,2011-08-08
1384,제이앤티씨,204270.KQ,2020-03-04
1385,제이엘케이,322510.KQ,2019-12-11
1386,젬백스링크,064800.KQ,2002-08-22
1387,좋은사람들,033340.KQ,1997-11-03
1388,중앙백신,072020.KQ,2003-10-31
1389,지어소프트,051160.KQ,2002-05-28
1390,지트리비앤티,115450.KQ,2010-03-26
1391,청보산업,013720.KQ,1993-12-29
1392,카스,016920.KQ,1990-01-04
1393,카페24,042000.KQ,2018-02-08
1394,케이비17호스팩,317030.KQ,2019-03-27
1395,케이에스피,073010.KQ,2004-12-17
1396,코디엠,224060.KQ,2015-12-29
1397,코리아센터,290510.KQ,2019-11-29
1398,큐리언트,115180.KQ,2016-02-29
1399,크리스탈신소재,900250.KQ,2016-01-28
1400,크린앤사이언스,045520.KQ,2000-12-05
1401,클래시스,214150.KQ,2015-04-03
1402,태웅,044490.KQ,2001-11-08
1403,토박스코리아,215480.KQ,2015-05-13
1404,티사이언티픽,057680.KQ,2002-06-18
1405,티케이케미칼,104480.KQ,2011-04-26
1406,팅크웨어,084730.KQ,2006-05-19
1407,파라텍,033540.KQ,1997-12-26
1408,팜스토리,027710.KQ,1996-07-06
1409,푸드나무,290720.KQ,2018-10-04
1410,푸른저축은행,007330.KQ,1993-12-07
1411,프리엠스,053160.KQ,2001-10-30
1412,플랜티넷,075130.KQ,2005-06-10
1413,피제이메탈,128660.KQ,2010-12-13
1414,하나머티리얼즈,166090.KQ,2017-04-28
1415,한국선재,025550.KQ,1995-06-19
1416,한국전자인증,041460.KQ,2010-11-19
1417,한국큐빅,021650.KQ,2003-01-24
1418,한독크린텍,256150.KQ,2019-09-05
1419,한화플러스제1호스팩,340440.KQ,2019-12-27
1420,현대사료,016790.KQ,2018-06-01
1421,현우산업,092300.KQ,2007-10-24
1422,홈캐스트,064240.KQ,2003-06-11
1423,휴메딕스,200670.KQ,2014-12-26
1424,흥구석유,024060.KQ,1994-12-07
1425,BET,036820.KQ,1999-12-10
1426,CJ E&M,130960.KQ,2010-10-15
1427,IBKS스팩1호,126680.KQ,2010-12-22
1428,ST&I,031800.KQ,1997-03-15
1429,건영종합건설,022130.KQ,1996-07-01
1430,굿라이프5-MF,037500.KQ,2000-02-25
1431,굿이엠지,051530.KQ,2001-07-03
1432,글로포스트,037830.KQ,2002-02-05
1433,남성알미늄,033220.KQ,1997-10-13
1434,넥스텔,037220.KQ,1999-11-25
1435,넷웨이브,047730.KQ,2001-05-10
1436,대국,042340.KQ,2000-06-22
1437,대동,014380.KQ,1996-07-01
1438,대웅바이오,016890.KQ,1999-11-16
1439,동남리스,026240.KQ,1996-07-01
1440,동신특강,024920.KQ,1996-07-01
1441,동양텔레콤,007150.KQ,2000-07-25
1442,동화금고,007260.KQ,1996-07-01
1443,두원중공업,013900.KQ,1996-07-01
1444,디지텍시스템,091690.KQ,2007-07-04
1445,라이카,011900.KQ,1996-07-01
1446,리더컴,056140.KQ,2001-12-20
1447,모린스,110310.KQ,2009-09-25
1448,미래에셋실크로드펀드,035300.KQ,1999-08-13
1449,미래에셋오리엔탈혼합,067700.KQ,2002-05-20
1450,미래에셋이글이호펀드,034460.KQ,1999-04-16
1451,미래에셋크린채권형일,035820.KQ,1999-10-15
1452,미성포리테크,094700.KQ,2007-12-20
1453,박현주2호,034170.KQ,1999-04-16
1454,박현주5호,038030.KQ,2000-02-25
1455,박현주6호,038480.KQ,2000-03-17
1456,보진재,030950.KQ,1996-10-24
1457,부국퓨쳐스타즈스팩,123300.KQ,2010-10-29
1458,삼송공업,015180.KQ,1996-07-01
1459,삼한실업,009950.KQ,1996-07-01
1460,삼한콘트롤스,033070.KQ,1997-08-18
1461,서울창업투자,019460.KQ,1996-07-01
1462,성융광전투자,900150.KQ,2010-09-15
1463,소예,035010.KQ,1999-06-11
1464,신양오라컴,086830.KQ,2006-12-27
1465,신지소프트,078700.KQ,2004-10-29
1466,신한모방,019730.KQ,1996-07-01
1467,실크성장삼호,045860.KQ,2000-07-24
1468,아구스,078670.KQ,2007-07-27
1469,아이드림,066850.KQ,2003-08-06
1470,아이비진,039060.KQ,2001-06-19
1471,아이씨켐,020490.KQ,1997-01-17
1472,알티전자,032290.KQ,1997-03-15
1473,애드모바일,032600.KQ,1997-05-02
1474,어울림 네트,042820.KQ,2000-07-11
1475,어울림엘시스,033280.KQ,1997-11-10
1476,어플라이드,053960.KQ,2001-11-13
1477,업필,054370.KQ,2001-11-20
1478,에너윈,055970.KQ,2003-08-01
1479,에스비아이앤솔로몬스,123910.KQ,2010-08-24
1480,에이원마이크로,037380.KQ,2000-01-27
1481,에임하이,043580.KQ,2001-08-02
1482,에코페트로시스템,042870.KQ,2000-06-27
1483,엑스로드,074140.KQ,2006-08-01
1484,엔빅스,054170.KQ,2001-10-11
1485,엠넷미디어,056200.KQ,2002-01-29
1486,옥션,043790.KQ,2000-06-15
1487,우주통신,054080.KQ,2001-10-09
1488,위노바,039790.KQ,2000-07-25
1489,유니씨앤티,040780.KQ,2000-06-27
1490,유리세이프롱숏채권혼,058910.KQ,2001-08-06
1491,유리앙상블,039280.KQ,2000-03-17
1492,유진화학,003430.KQ,1996-07-01
1493,이노블루,066200.KQ,2003-06-11
1494,이루넷,041030.KQ,2000-05-30
1495,제넥셀,034660.KQ,1999-05-14
1496,제일창투,026540.KQ,2000-06-20
1497,중앙리스금융,021870.KQ,1996-07-01
1498,지이엔에프,038920.KQ,2000-07-06
1499,차이나그레이트,900040.KQ,2009-05-29
1500,창민테크,042960.KQ,2000-07-11
1501,챌린지전환1,035670.KQ,1999-09-17
1502,캡스,007020.KQ,1996-07-01
1503,케이디세코,073780.KQ,2004-05-18
1504,케이엔씨글로벌,068150.KQ,2003-07-21
1505,케이엠에스,038830.KQ,2000-08-31
1506,코리아이앤디,027440.KQ,1996-03-07
1507,코스모스피엘씨,053170.KQ,2002-01-10
1508,큐닉스컴퓨터,015530.KQ,1996-07-01
1509,큐앤에스,052880.KQ,2001-07-24
1510,클루넷,067130.KQ,2002-06-17
1511,키움스팩3호,218710.KQ,2015-07-06
1512,터보테크,032420.KQ,1997-04-22
1513,테라,032780.KQ,1997-06-26
1514,트라이써클,034010.KQ,2000-04-27
1515,티브로드도봉강북방송,035210.KQ,1999-08-27
1516,티에스엠텍,066350.KQ,2003-01-21
1517,평산,089480.KQ,2006-08-22
1518,포이보스,038810.KQ,2000-05-09
1519,하이에이아이1호스팩,235010.KQ,2016-03-04
1520,한가족주식,040380.KQ,2000-04-21
1521,한도하이테크,060660.KQ,2002-02-21
1522,해피드림,065180.KQ,2002-06-18
1523,헤쎄나,036270.KQ,2000-01-20
1524,현대에이블스팩1호,204760.KQ,2014-11-10
1525,현대정보기술,026180.KQ,2000-08-08
1526,호성,035870.KQ,2000-06-27
1527,호크아이즈증권투자회,034760.KQ,1999-05-14
1528,화인썬트로닉스,038520.KQ,2000-03-03
1529,휴먼이노텍,013630.KQ,1994-07-04
1530,히스토스템,036840.KQ,1999-12-24
1531,3S,060310.KQ,2002-04-23
1532,JYP Ent.,035900.KQ,2001-08-30
1533,RFHIC,218410.KQ,2015-06-30
1534,강원,114190.KQ,2009-11-20
1535,경남제약,053950.KQ,2001-11-06
1536,고려신용정보,049720.KQ,2002-01-31
1537,골드퍼시픽,038530.KQ,2000-06-09
1538,광진실업,026910.KQ,1996-01-03
1539,그린플러스,186230.KQ,2019-08-07
1540,기산텔레콤,035460.KQ,1999-11-18
1541,나무기술,242040.KQ,2016-09-07
1542,나이스디앤비,130580.KQ,2011-12-22
1543,네패스,033640.KQ,1999-12-14
1544,대동금속,020400.KQ,1993-07-30
1545,대림제지,017650.KQ,1994-11-07
1546,대신정보통신,020180.KQ,1995-10-06
1547,대한그린파워,060900.KQ,2002-09-17
1548,더블유에프엠,035290.KQ,1999-12-07
1549,동국알앤에스,075970.KQ,2004-02-13
1550,동우팜투테이블,088910.KQ,2006-06-23
1551,동운아나텍,094170.KQ,2015-06-30
1552,드림씨아이에스,223250.KQ,2020-05-22
1553,디아이티,110990.KQ,2018-08-07
1554,디에이치피코리아,131030.KQ,2010-12-03
1555,디케이락,105740.KQ,2010-11-12
1556,디케이앤디,263020.KQ,2018-11-20
1557,디케이티,290550.KQ,2018-12-21
1558,라온시큐어,042510.KQ,2001-01-03
1559,라파스,214260.KQ,2019-11-11
1560,리노스,039980.KQ,2002-08-13
1561,리더스 기술투자,019570.KQ,1989-03-14
1562,마이크로컨텍솔,098120.KQ,2008-09-23
1563,메가스터디,072870.KQ,2004-12-21
1564,메지온,140410.KQ,2012-01-20
1565,모다이노칩,080420.KQ,2005-12-06
1566,모베이스전자,012860.KQ,1994-10-26
1567,미디어젠,279600.KQ,2019-11-05
1568,미래나노텍,095500.KQ,2007-10-01
1569,미래에셋대우스팩 5호,353490.KQ,2020-08-28
1570,미래테크놀로지,213090.KQ,2015-12-01
1571,미투젠,950190.KQ,2020-08-18
1572,바이오리더스,142760.KQ,2016-07-07
1573,박셀바이오,323990.KQ,2020-09-22
1574,뷰웍스,100120.KQ,2009-04-10
1575,브레인콘텐츠,066980.KQ,2003-01-17
1576,블루콤,033560.KQ,2011-01-26
1577,비덴트,121800.KQ,2011-12-01
1578,비에이치,090460.KQ,2007-01-26
1579,비츠로테크,042370.KQ,2000-08-03
1580,비피도,238200.KQ,2018-12-26
1581,빅텍,065450.KQ,2003-02-05
1582,삼강엠앤티,100090.KQ,2008-08-01
1583,삼보산업,009620.KQ,1993-12-07
1584,삼성머스트스팩3호,309930.KQ,2018-12-20
1585,삼표시멘트,038500.KQ,2001-02-01
1586,상상인이안1호스팩,307870.KQ,2018-12-12
1587,서부T&D,006730.KQ,1995-10-06
1588,선광,003100.KQ,1999-12-21
1589,세진티에스,067770.KQ,2004-01-09
1590,세화피앤씨,252500.KQ,2016-11-02
1591,셀레믹스,331920.KQ,2020-08-21
1592,셀리드,299660.KQ,2019-02-20
1593,소리바다,053110.KQ,2001-10-09
1594,솔브레인,357780.KQ,2020-08-06
1595,솔트웍스,230980.KQ,2016-03-02
1596,수젠텍,253840.KQ,2019-05-28
1597,신라섬유,001000.KQ,1994-06-28
1598,신화콘텍,187270.KQ,2014-08-08
1599,쎄니트,037760.KQ,2000-04-07
1600,씨씨에스,066790.KQ,2003-05-30
1601,씨엔플러스,115530.KQ,2011-11-02
1602,씨젠,096530.KQ,2010-09-10
1603,아리온,058220.KQ,2005-08-05
1604,아시아경제,127710.KQ,2015-07-31
1605,아이디스홀딩스,054800.KQ,2001-09-27
1606,아이쓰리시스템,214430.KQ,2015-07-30
1607,안국약품,001540.KQ,2000-06-15
1608,알테오젠,196170.KQ,2014-12-12
1609,알톤스포츠,123750.KQ,2010-07-02
1610,알파홀딩스,117670.KQ,2010-09-17
1611,압타바이오,293780.KQ,2019-06-12
1612,야스,255440.KQ,2017-09-29
1613,에스맥,097780.KQ,2008-01-23
1614,에스모 머티리얼즈,087730.KQ,2008-04-04
1615,에스에이티,060540.KQ,2006-11-28
1616,에스엔유,080000.KQ,2005-01-25
1617,에스엠코어,007820.KQ,2011-11-08
1618,에스티오,098660.KQ,2009-04-17
1619,에이에프더블류,312610.KQ,2019-07-01
1620,에이치엘비,028300.KQ,1996-07-27
1621,에이테크솔루션,071670.KQ,2009-04-17
1622,에이프런티어,036180.KQ,1999-12-21
1623,에코마이스터,064510.KQ,2018-03-15
1624,에프엔씨엔터,173940.KQ,2014-12-04
1625,엘비세미콘,061970.KQ,2011-01-31
1626,엘이티,297890.KQ,2020-06-22
1627,엠에스씨,009780.KQ,1993-10-12
1628,엠젠플러스,032790.KQ,1997-06-26
1629,오디텍,080520.KQ,2007-10-08
1630,오로라,039830.KQ,2001-01-03
1631,오상자이엘,053980.KQ,2002-04-09
1632,오킨스전자,080580.KQ,2014-12-24
1633,와이엔텍,067900.KQ,2005-12-23
1634,와이오엠,066430.KQ,2002-12-24
1635,와이지엔터테인먼트,122870.KQ,2011-11-23
1636,우주일렉트로,065680.KQ,2004-01-02
1637,원방테크,053080.KQ,2020-09-24
1638,웹케시,053580.KQ,2019-01-25
1639,위니아딤채,071460.KQ,2016-07-14
1640,위드텍,348350.KQ,2020-10-30
1641,위지윅스튜디오,299900.KQ,2018-12-20
1642,윈스,136540.KQ,2011-05-02
1643,윈텍,320000.KQ,2019-09-18
1644,유라테크,048430.KQ,2001-01-11
1645,유틸렉스,263050.KQ,2018-12-24
1646,이그잭스,060230.KQ,2002-06-25
1647,이니텍,053350.KQ,2001-11-15
1648,이더블유케이,258610.KQ,2017-08-22
1649,이테크건설,016250.KQ,1999-12-28
1650,인바디,041830.KQ,2000-12-14
1651,인지디스플레,037330.KQ,1999-12-14
1652,인콘,083640.KQ,2005-12-27
1653,인크로스,216050.KQ,2016-10-31
1654,인터엠,017250.KQ,1996-01-03
1655,일지테크,019540.KQ,1992-11-03
1656,자안,221610.KQ,2016-01-27
1657,제이에스티나,026040.KQ,1999-12-21
1658,제이엠아이,033050.KQ,1997-08-18
1659,지노믹트리,228760.KQ,2019-03-27
1660,지니틱스,303030.KQ,2018-08-30
1661,진로발효,018120.KQ,1993-12-29
1662,체리부로,066360.KQ,2017-12-04
1663,카카오게임즈,293490.KQ,2020-09-10
1664,케이디켐,221980.KQ,2015-11-19
1665,케이씨티,089150.KQ,2006-12-13
1666,케이피에스,256940.KQ,2017-09-06
1667,코나아이,052400.KQ,2001-10-18
1668,코디,080530.KQ,2010-01-05
1669,코리아에스이,101670.KQ,2008-07-15
1670,코스나인,082660.KQ,2005-10-05
1671,코스온,069110.KQ,2003-10-14
1672,코아스템,166480.KQ,2015-06-26
1673,큐렉소,060280.KQ,2002-07-03
1674,큐로컴,040350.KQ,2002-01-10
1675,태양,053620.KQ,2001-08-07
1676,테크윙,089030.KQ,2011-11-10
1677,티엘아이,062860.KQ,2006-07-25
1678,티움바이오,321550.KQ,2019-11-22
1679,파인테크닉스,106240.KQ,2009-03-16
1680,팜스빌,318010.KQ,2019-10-22
1681,팬스타엔터프라이즈,054300.KQ,2002-01-10
1682,평화정공,043370.KQ,2001-12-13
1683,포메탈,119500.KQ,2010-09-17
1684,포스코 ICT,022100.KQ,2000-11-28
1685,플레이위드,023770.KQ,1994-11-07
1686,피씨엘,241820.KQ,2017-02-23
1687,피피아이,062970.KQ,2019-12-26
1688,한국제8호스팩,310870.KQ,2018-12-20
1689,한국파마,032300.KQ,2020-08-10
1690,한솔인티큐브,070590.KQ,2004-01-08
1691,한스바이오메드,042520.KQ,2009-10-09
1692,한창산업,079170.KQ,2005-02-01
1693,한컴MDS,086960.KQ,2006-09-26
1694,한화에스비아이스팩,317320.KQ,2019-05-03
1695,핸디소프트,220180.KQ,2016-11-24
1696,현대공업,170030.KQ,2013-12-04
1697,화신정공,126640.KQ,2010-08-31
1698,휴마시스,205470.KQ,2014-12-01
1699,휴비츠,065510.KQ,2003-10-31
1700,흥국,010240.KQ,2009-05-12
1701,(주)이동수에프엔지,020880.KQ,1996-07-01
1702,AD모터스,038120.KQ,2000-08-24
1703,AJS,013340.KQ,1989-09-06
1704,C&S자산관리,032040.KQ,1997-01-23
1705,CJ인터넷,037150.KQ,1999-12-24
1706,CL,035710.KQ,1999-11-11
1707,CU전자,056340.KQ,2002-11-08
1708,H1바이오,052310.KQ,2001-05-24
1709,KTB코스닥1,042310.KQ,2000-06-16
1710,i 인프라,008780.KQ,1993-01-06
1711,경남리스,021930.KQ,1994-11-07
1712,경동,009590.KQ,1996-07-01
1713,고려,025960.KQ,1996-07-01
1714,골든브릿지제3호스팩,219580.KQ,2015-06-30
1715,국민카드,031150.KQ,2000-07-04
1716,국제밸브공업,011360.KQ,1996-07-01
1717,다산,015150.KQ,1997-01-07
1718,다휘,055250.KQ,2001-12-06
1719,대우스팩2호,204440.KQ,2014-10-22
1720,대진정밀화학,033350.KQ,1997-11-03
1721,동부CNI,044640.KQ,2001-01-11
1722,동부저축은행,024820.KQ,1996-07-01
1723,동부제4호스팩,230490.KQ,2015-12-18
1724,동부티에스블랙펄스팩,128910.KQ,2010-12-08
1725,동성하이켐,013450.KQ,1999-06-11
1726,동원장보고2,039180.KQ,2000-03-17
1727,레이젠,047440.KQ,2001-11-20
1728,리젠트뮤추얼원자산배,036330.KQ,1999-10-01
1729,마이다스차익거래혼합,053530.KQ,2001-04-09
1730,마이차익3호-MF,067410.KQ,2002-05-06
1731,모닷텔,048150.KQ,2002-11-05
1732,모델라인,064720.KQ,2003-07-04
1733,모디아,046000.KQ,2001-01-11
1734,미래에셋드림사호펀드,035470.KQ,1999-09-17
1735,미래에셋박현주드림오,035540.KQ,1999-09-17
1736,미래에셋박현주사호펀,034280.KQ,1999-04-16
1737,미래에셋제3호스팩,215750.KQ,2015-05-22
1738,미주제강,002670.KQ,1995-01-04
1739,바이나믹,067850.KQ,2005-10-05
1740,바이킹성장일,043700.KQ,2000-06-16
1741,박현주 5호,034290.KQ,1999-04-16
1742,박현주드림팔호자산배,035860.KQ,1999-10-15
1743,부산리스금융,018480.KQ,1996-07-01
1744,부영철강,025940.KQ,1996-07-01
1745,삼경기전,022020.KQ,1996-07-01
1746,삼우빅케치,004750.KQ,1996-07-01
1747,삼일공사,003890.KQ,1996-07-01
1748,삼협산업,023880.KQ,1996-07-01
1749,세니콘,056060.KQ,2002-01-15
1750,세실,084450.KQ,2007-11-20
1751,세화기술투자,021740.KQ,1992-12-29
1752,시노펙스그린테크,037320.KQ,2002-09-17
1753,시큐리티KOR,066330.KQ,2002-05-17
1754,실크성장1호,042460.KQ,2000-06-16
1755,썬코어,051170.KQ,2001-10-23
1756,씨모스,037600.KQ,1999-12-24
1757,아라온테크,041060.KQ,2000-06-07
1758,어필텔레콤,033510.KQ,1997-12-19
1759,에듀패스,031950.KQ,1996-12-23
1760,에버테크노,070480.KQ,2007-05-22
1761,에스브이에이치,046240.KQ,2000-11-07
1762,에스피코프,048130.KQ,2001-11-22
1763,에이엠에스,044770.KQ,2000-06-29
1764,에코솔루션,052510.KQ,2001-12-18
1765,엔써,037750.KQ,2000-11-09
1766,엔토리노,032590.KQ,1997-05-02
1767,엘케이엔씨,047420.KQ,2002-07-19
1768,엠바이엔,031970.KQ,1997-01-07
1769,영성제강,026920.KQ,1996-07-01
1770,오페스,053470.KQ,2001-07-31
1771,올리브나인,052970.KQ,2002-07-16
1772,옵셔널벤처스,022780.KQ,1994-06-07
1773,우리신용카드,022870.KQ,1993-04-07
1774,우성아이비,194610.KQ,2014-06-10
1775,원익테라세미콘,123100.KQ,2011-11-01
1776,웨스테이트,016140.KQ,1994-03-18
1777,위다스,056810.KQ,2002-01-15
1778,유리뉴앙상블,046520.KQ,2000-07-31
1779,유리아이피일,037520.KQ,1999-12-24
1780,유리피아이일,036960.KQ,1999-11-12
1781,유아이에너지,050050.KQ,2000-12-21
1782,유일엔시스,038720.KQ,2001-01-18
1783,유진산업,018380.KQ,1996-07-01
1784,유진종합개발,023420.KQ,1994-10-07
1785,이디디컴퍼니,052650.KQ,2001-12-18
1786,이스턴마스텍,025910.KQ,1996-07-01
1787,이지클럽,038980.KQ,2000-07-04
1788,제너시스템즈,073930.KQ,2008-03-26
1789,중앙바이오텍,015170.KQ,2000-08-24
1790,지아이바이오,035450.KQ,1999-11-11
1791,케미그라스,021090.KQ,1993-11-05
1792,케이비드림3호스팩,221950.KQ,2015-08-21
1793,코닉스,017210.KQ,1991-07-29
1794,코디콤,041800.KQ,2001-12-13
1795,쿨투,056020.KQ,2003-07-04
1796,키움스팩4호,226850.KQ,2015-10-29
1797,태일전자,020100.KQ,1996-07-01
1798,테스텍,048510.KQ,2001-06-14
1799,트래픽아이티에스,038050.KQ,2002-01-10
1800,폴켐,033190.KQ,1997-11-10
1801,풍연,017090.KQ,1996-01-15
1802,플러스프로핏,036660.KQ,2000-06-15
1803,하이드로젠파워,070080.KQ,2002-12-13
1804,하이럭스,079340.KQ,2005-07-19
1805,한국스팩1호,123290.KQ,2010-08-24
1806,한국염공,005470.KQ,1996-07-01
1807,한국파트너스,019560.KQ,1999-12-03
1808,한보금고,027450.KQ,1996-07-01
1809,한주개발,017410.KQ,1996-07-01
1810,한화에이스스팩2호,219860.KQ,2015-07-20
1811,헤파호프,039350.KQ,2000-12-07
1812,화니백화점,031090.KQ,1997-01-23
1813,휘튼,066480.KQ,2002-11-05
1814,히든챔피언스팩1호,123160.KQ,2010-06-11
1815,GV,045890.KQ,2005-11-28
1816,HB테크놀러지,078150.KQ,2004-12-08
1817,IBKS제12호스팩,335870.KQ,2019-12-09
1818,ISC,095340.KQ,2007-10-01
1819,KG이니시스,035600.KQ,2002-11-22
1820,MP한강,219550.KQ,2015-07-22
1821,NE능률,053290.KQ,2002-12-10
1822,NHN한국사이버결제,060250.KQ,2002-01-08
1823,SBI인베스트먼트,019550.KQ,1989-09-06
1824,SG,255220.KQ,2018-01-26
1825,갤럭시아머니트리,094480.KQ,2007-07-20
1826,고려제약,014570.KQ,2000-12-07
1827,국일제지,078130.KQ,2004-10-22
1828,금강철강,053260.KQ,2002-01-04
1829,기가레인,049080.KQ,2013-12-19
1830,나노스,151910.KQ,2012-08-02
1831,나노캠텍,091970.KQ,2007-01-30
1832,나라엠앤디,051490.KQ,2001-06-12
1833,나우IB,293580.KQ,2018-10-04
1834,내츄럴엔도텍,168330.KQ,2013-10-31
1835,네오펙트,290660.KQ,2018-11-28
1836,녹십자엠에스,142280.KQ,2014-12-17
1837,녹십자웰빙,234690.KQ,2019-10-14
1838,뉴로스,126870.KQ,2012-02-15
1839,뉴지랩,214870.KQ,2015-10-13
1840,대동기어,008830.KQ,1991-05-17
1841,대륙제관,004780.KQ,1994-12-29
1842,대모,317850.KQ,2019-07-24
1843,대보마그네틱,290670.KQ,2018-11-06
1844,대성엘텍,025440.KQ,1995-05-22
1845,대성창투,027830.KQ,1999-11-30
1846,대성파인텍,104040.KQ,2009-01-23
1847,대양제지,006580.KQ,1993-12-29
1848,대정화금,120240.KQ,2010-12-20
1849,대창스틸,140520.KQ,2014-12-05
1850,덕우전자,263600.KQ,2017-08-28
1851,동국S&C,100130.KQ,2009-08-31
1852,동성화인텍,033500.KQ,1997-12-19
1853,동양에스텍,060380.KQ,2002-02-05
1854,동양이엔피,079960.KQ,2005-02-01
1855,동일철강,023790.KQ,1994-11-07
1856,디스플레이텍,066670.KQ,2002-12-30
1857,디에스케이,109740.KQ,2009-09-23
1858,디자인,227100.KQ,2018-11-15
1859,디젠스,113810.KQ,2012-11-22
1860,러셀,217500.KQ,2015-06-16
1861,레이,228670.KQ,2019-08-08
1862,마이더스AI,222810.KQ,2015-08-13
1863,매일유업,267980.KQ,2017-06-05
1864,맥스로텍,141070.KQ,2012-11-16
1865,멀티캠퍼스,067280.KQ,2006-11-16
1866,메디프론,065650.KQ,2003-01-21
1867,명성티엔에스,257370.KQ,2018-09-13
1868,모바일어플라이언스,087260.KQ,2017-02-24
1869,미투온,201490.KQ,2016-10-10
1870,바른손,018700.KQ,1994-03-18
1871,바이오로그디바이스,208710.KQ,2014-12-24
1872,바이오솔루션,086820.KQ,2018-08-20
1873,바이오톡스텍,086040.KQ,2007-09-21
1874,버추얼텍,036620.KQ,2000-01-11
1875,베스파,299910.KQ,2018-12-03
1876,비나텍,126340.KQ,2020-09-23
1877,빅솔론,093190.KQ,2007-08-20
1878,삼목에스폼,018310.KQ,1996-05-03
1879,삼성스팩2호,291230.KQ,2018-09-13
1880,상상인,038540.KQ,2000-08-18
1881,상신전자,263810.KQ,2017-10-16
1882,서진시스템,178320.KQ,2017-03-27
1883,서플러스글로벌,140070.KQ,2017-01-25
1884,선익시스템,171090.KQ,2017-09-20
1885,세틀뱅크,234340.KQ,2019-07-12
1886,소프트센,032680.KQ,1997-07-18
1887,쇼박스,086980.KQ,2006-07-07
1888,스타모빌리티,158310.KQ,2013-04-03
1889,시큐브,131090.KQ,2011-12-21
1890,신진에스엠,138070.KQ,2011-11-28
1891,심텍홀딩스,036710.KQ,2000-01-04
1892,쎌바이오텍,049960.KQ,2002-12-13
1893,씨티케이코스메틱스,260930.KQ,2017-12-07
1894,아모그린텍,125210.KQ,2019-03-29
1895,아미노로직스,074430.KQ,2004-06-04
1896,아이디스,143160.KQ,2011-09-26
1897,아이비김영,339950.KQ,2019-12-24
1898,아이앤씨,052860.KQ,2009-10-06
1899,아이에스이커머스,069920.KQ,2007-12-05
1900,아이엠,101390.KQ,2008-07-23
1901,아이엠텍,226350.KQ,2016-02-03
1902,아진엑스텍,059120.KQ,2014-07-24
1903,아톤,158430.KQ,2019-10-17
1904,알엔투테크놀로지,148250.KQ,2016-06-22
1905,압타머사이언스,291650.KQ,2020-09-16
1906,액토즈소프트,052790.KQ,2001-08-14
1907,앤씨앤,092600.KQ,2007-06-26
1908,에스엠,041510.KQ,2000-04-27
1909,에스티아이,039440.KQ,2002-02-28
1910,에이아이비트,039230.KQ,2000-06-22
1911,에이치엘비제약,047920.KQ,2015-12-21
1912,에이치케이,044780.KQ,2000-09-07
1913,에이텍,045660.KQ,2001-05-24
1914,에코프로,086520.KQ,2007-07-20
1915,에코프로비엠,247540.KQ,2019-03-05
1916,엔에이치스팩17호,359090.KQ,2020-09-23
1917,엘앤케이바이오,156100.KQ,2016-11-30
1918,오리엔탈정공,014940.KQ,2001-12-26
1919,오리콤,010470.KQ,2000-10-24
1920,오스템,031510.KQ,1997-02-12
1921,우리기술,032820.KQ,2000-06-22
1922,우리기술투자,041190.KQ,2000-06-09
1923,우리로,046970.KQ,2012-11-27
1924,우정바이오,215380.KQ,2015-05-18
1925,월덱스,101160.KQ,2008-06-19
1926,웰크론한텍,076080.KQ,2008-07-18
1927,웹스,196700.KQ,2015-08-24
1928,윙입푸드,900340.KQ,2018-11-30
1929,유니셈,036200.KQ,1999-12-10
1930,유니트론텍,142210.KQ,2016-02-02
1931,유진기업,023410.KQ,1994-10-07
1932,유진로봇,056080.KQ,2001-11-13
1933,율호,072770.KQ,2007-07-25
1934,이노와이즈,086250.KQ,2006-11-10
1935,이라이콤,041520.KQ,2003-07-04
1936,이베스트투자증권,078020.KQ,2007-02-21
1937,이엑스티,226360.KQ,2015-10-22
1938,이엔에프테크놀로지,102710.KQ,2009-05-28
1939,이원컴포텍,088290.KQ,2009-12-01
1940,이크레더블,092130.KQ,2008-10-24
1941,이화전기,024810.KQ,1994-12-29
1942,인트론바이오,048530.KQ,2011-01-26
1943,인프라웨어,041020.KQ,2005-10-28
1944,일야,058450.KQ,2002-01-17
1945,일진파워,094820.KQ,2007-11-06
1946,제노포커스,187420.KQ,2015-05-29
1947,제룡산업,147830.KQ,2012-02-13
1948,젠큐릭스,229000.KQ,2020-06-25
1949,조이시티,067000.KQ,2008-05-30
1950,중앙에너비스,000440.KQ,1993-03-24
1951,지엘팜텍,204840.KQ,2014-11-20
1952,진매트릭스,109820.KQ,2009-11-06
1953,창해에탄올,004650.KQ,2014-07-30
1954,청담러닝,096240.KQ,2008-06-27
1955,컬러레이,900310.KQ,2017-08-10
1956,케어랩스,263700.KQ,2018-03-28
1957,케이엔제이,272110.KQ,2019-10-25
1958,케이엠,083550.KQ,2005-12-20
1959,케이엠제약,225430.KQ,2015-10-08
1960,케이프,064820.KQ,2007-05-29
1961,켐트로닉스,089010.KQ,2007-01-17
1962,켐트로스,220260.KQ,2015-07-27
1963,코다코,046070.KQ,2000-12-26
1964,코리아에프티,123410.KQ,2010-08-27
1965,코센,009730.KQ,1990-07-27
1966,큐로홀딩스,051780.KQ,2001-06-26
1967,태광,023160.KQ,1994-09-07
1968,티피씨글로벌,130740.KQ,2011-02-08
1969,파크시스템스,140860.KQ,2015-12-17
1970,파트론,091700.KQ,2006-12-13
1971,판타지오,032800.KQ,1997-06-26
1972,팬젠,222110.KQ,2016-03-11
1973,포스코엠텍,009520.KQ,1997-11-10
1974,포인트엔지니어링,256630.KQ,2017-05-02
1975,포티스,141020.KQ,2013-01-29
1976,퓨쳐스트림네트웍스,214270.KQ,2015-03-25
1977,피앤씨테크,237750.KQ,2016-07-04
1978,피앤이솔루션,131390.KQ,2011-09-27
1979,필로시스헬스케어,057880.KQ,2003-12-29
1980,하나머스트제6호스팩,307160.KQ,2018-11-30
1981,하림지주,003380.KQ,2017-06-30
1982,하이제5호스팩,340120.KQ,2019-12-23
1983,하이텍팜,106190.KQ,2010-07-28
1984,한국가구,004590.KQ,1993-06-03
1985,한국정밀기계,101680.KQ,2009-05-19
1986,한빛소프트,047080.KQ,2002-01-10
1987,한송네오텍,226440.KQ,2015-10-06
1988,현대바이오랜드,052260.KQ,2001-05-17
1989,현대통신,039010.KQ,2000-07-20
1990,3SOFT,036360.KQ,2001-01-18
1991,GK파워,054020.KQ,2002-05-07
1992,KTB벤처2-MF,039370.KQ,2000-04-21
1993,KTB전환형1,037360.KQ,2000-01-12
1994,PW제네틱스,065910.KQ,2003-01-10
1995,경북콘크리트,008960.KQ,1996-07-01
1996,교보5호스팩,223040.KQ,2015-08-27
1997,뉴젠비아이티,054650.KQ,2002-01-10
1998,다임마이스터보험형일,036440.KQ,1999-10-15
1999,대림금속공업,015920.KQ,1996-07-01
2000,대우스팩3호,215580.KQ,2015-05-19
2001,대한제지,000530.KQ,1996-07-01
2002,덴소풍성,047060.KQ,2000-09-08
2003,도움,078610.KQ,2005-05-09
2004,디브이에스,046400.KQ,2002-10-01
2005,디앤샵,090090.KQ,2006-06-12
2006,디지텔,037740.KQ,2000-03-03
2007,룩손에너지,033550.KQ,1998-01-13
2008,리젠트코스,043350.KQ,2000-06-16
2009,마이다스페안,045280.KQ,2000-07-10
2010,메카포럼,035830.KQ,1999-12-03
2011,모빌링크,041310.KQ,2000-05-09
2012,모젬,079560.KQ,2005-12-27
2013,미래에셋P.B.2호펀드,066030.KQ,2002-03-18
2014,미래에셋실크로드자산,036300.KQ,1999-11-12
2015,박현주4성장,037780.KQ,2000-02-25
2016,박현주드림육호자산배,035700.KQ,1999-09-17
2017,벨로체피아노,040750.KQ,2000-12-05
2018,보람금고,008160.KQ,1996-07-01
2019,블루젬디앤씨,053040.KQ,2001-08-09
2020,삼성그랑프리전환형뮤,035520.KQ,1999-09-17
2021,삼성수산,052560.KQ,2001-07-10
2022,삼화실업,000600.KQ,1996-07-01
2023,선일옵트론,014250.KQ,1997-01-07
2024,성우몰드,053440.KQ,2001-08-21
2025,세이에이스혼합형펀드,052520.KQ,2001-03-12
2026,세이채권혼합,045790.KQ,2000-07-24
2027,스탠더드텔레,027890.KQ,1996-06-07
2028,실리콘화일,082930.KQ,2008-04-25
2029,실크성장2호,043400.KQ,2000-06-16
2030,쏠라엔텍,030390.KQ,1997-02-12
2031,씨디네트웍스,073710.KQ,2005-07-29
2032,씨모텍,081090.KQ,2007-11-14
2033,아이엠아이티,038100.KQ,2000-01-13
2034,아이티센네트웍스,057110.KQ,2002-01-10
2035,아이팩토리,053810.KQ,2002-07-19
2036,아이피에스,051820.KQ,2005-11-11
2037,알이엔,023670.KQ,2001-01-11
2038,에스마크,030270.KQ,1997-01-17
2039,에프아이투어,047370.KQ,2001-05-29
2040,에프티이앤이,065160.KQ,2002-07-30
2041,엔에이치스팩7호,217810.KQ,2015-06-12
2042,엔케이바이오,019260.KQ,1996-01-04
2043,엔하이테크,046720.KQ,2002-10-10
2044,엘에스오토모티브,008580.KQ,1996-07-01
2045,예당,049000.KQ,2001-01-03
2046,예일바이오텍,054250.KQ,2001-12-20
2047,옵티멈성장1,045090.KQ,2000-06-30
2048,옵티멈전환2,039380.KQ,2000-03-17
2049,완리,900180.KQ,2011-06-13
2050,우경,025920.KQ,1995-08-07
2051,웨이포트,900130.KQ,2010-07-23
2052,유리세이프전환혼합형,052530.KQ,2001-04-02
2053,유리중립일,036950.KQ,1999-11-12
2054,유리프론티어-MF,045550.KQ,2000-07-10
2055,유안타제2호스팩,219960.KQ,2015-07-17
2056,인네트,041450.KQ,2000-07-20
2057,인베스티움사파이어성,034340.KQ,1999-08-13
2058,임광토건,001850.KQ,1996-07-01
2059,장복건설,013210.KQ,1996-07-01
2060,제이앤유글로벌,086200.KQ,2006-06-07
2061,주일,011770.KQ,1996-07-01
2062,차이나하오란,900090.KQ,2010-02-05
2063,케너텍,062730.KQ,2003-05-23
2064,케이디엠,027560.KQ,2001-01-11
2065,클라스타,037550.KQ,2002-01-17
2066,텔슨정보통신,018180.KQ,1993-06-03
2067,트리니티,053070.KQ,2001-08-07
2068,파이오니어2-MF,045070.KQ,2000-07-10
2069,파인넥스,123260.KQ,2011-12-05
2070,포네이처,045290.KQ,2004-01-06
2071,플래티넘성1,043380.KQ,2000-06-16
2072,플렉스컴,065270.KQ,2002-10-23
2073,하이스마텍,057100.KQ,2002-11-15
2074,한와이어리스,037020.KQ,1999-11-16
2075,한통데이타,045760.KQ,2002-04-23
2076,한화수성스팩,265920.KQ,2017-06-08
2077,한화에이스스팩4호,279410.KQ,2017-11-27
2078,화진,134780.KQ,2011-08-10
2079,AP시스템,265520.KQ,2017-04-07
2080,AP위성,211270.KQ,2016-03-04
2081,GRT,900290.KQ,2016-10-25
2082,MP그룹,065150.KQ,2007-07-18
2083,OQP,078590.KQ,2005-10-27
2084,PI첨단소재,178920.KQ,2014-12-08
2085,S&K폴리텍,091340.KQ,2007-07-30
2086,SFA반도체,036540.KQ,2001-05-02
2087,THE E&M,089230.KQ,2006-10-10
2088,THE MIDONG,161570.KQ,2013-11-13
2089,YTN,040300.KQ,2001-09-04
2090,골프존뉴딘홀딩스,121440.KQ,2011-05-20
2091,교보10호기업인수목적,355150.KQ,2020-09-18
2092,글로벌에스엠,900070.KQ,2009-12-23
2093,금화피에스시,036190.KQ,2000-12-26
2094,까스텔바작,308100.KQ,2019-06-10
2095,나무가,190510.KQ,2015-11-12
2096,네온테크,306620.KQ,2018-10-31
2097,넥스틴,348210.KQ,2020-10-08
2098,녹십자랩셀,144510.KQ,2016-06-23
2099,농우바이오,054050.KQ,2002-04-02
2100,뉴트리,270870.KQ,2018-12-13
2101,다나와,119860.KQ,2011-01-24
2102,다믈멀티미디어,093640.KQ,2007-10-19
2103,대동스틸,048470.KQ,2002-01-10
2104,대신밸런스제8호스팩,336570.KQ,2019-12-19
2105,대한광통신,010170.KQ,1994-11-07
2106,더네이쳐홀딩스,298540.KQ,2020-07-27
2107,데이타솔루션,263800.KQ,2017-08-03
2108,덱스터,206560.KQ,2015-12-22
2109,도이치모터스,067990.KQ,2004-12-03
2110,동국산업,005160.KQ,1999-06-25
2111,동원개발,013120.KQ,1994-12-29
2112,동일금속,109860.KQ,2009-07-28
2113,동화기업,025900.KQ,1995-08-07
2114,드림시큐리티,203650.KQ,2014-10-13
2115,드림어스컴퍼니,060570.KQ,2003-12-19
2116,디와이피엔에프,104460.KQ,2009-12-22
2117,디지캡,197140.KQ,2018-09-07
2118,레몬,294140.KQ,2020-02-28
2119,로보티즈,108490.KQ,2018-10-26
2120,로체시스템즈,071280.KQ,2003-11-14
2121,루멘스,038060.KQ,2006-08-08
2122,루트로닉,085370.KQ,2006-07-04
2123,리노공업,058470.KQ,2001-12-18
2124,마이크로디지탈,305090.KQ,2019-06-05
2125,마크로젠,038290.KQ,2000-02-22
2126,매커스,093520.KQ,2007-02-12
2127,메디아나,041920.KQ,2014-10-07
2128,멜파스,096640.KQ,2009-12-18
2129,모바일리더,100030.KQ,2010-05-25
2130,미래생명자원,218150.KQ,2015-06-18
2131,미래컴퍼니,049950.KQ,2005-01-04
2132,바른전자,064520.KQ,2002-12-04
2133,배럴,267790.KQ,2018-02-01
2134,백금T&A,046310.KQ,2002-02-05
2135,버킷스튜디오,066410.KQ,2003-12-19
2136,보성파워텍,006910.KQ,1994-09-07
2137,브이원텍,251630.KQ,2017-07-13
2138,브이티지엠피,018290.KQ,1994-09-07
2139,비비씨,318410.KQ,2020-09-21
2140,비씨월드제약,200780.KQ,2014-12-15
2141,비아트론,141000.KQ,2012-05-04
2142,비츠로시스,054220.KQ,2001-12-26
2143,빛샘전자,072950.KQ,2012-03-21
2144,삼기,122350.KQ,2010-03-19
2145,상상인이안제2호스팩,329560.KQ,2019-08-30
2146,상상인인더스트리,101000.KQ,2009-11-06
2147,서남,294630.KQ,2020-02-20
2148,서울리거,043710.KQ,2002-07-11
2149,서울제약,018680.KQ,2000-08-18
2150,서전기전,189860.KQ,2014-12-24
2151,서희건설,035890.KQ,1999-12-24
2152,성광벤드,014620.KQ,2001-01-11
2153,세중,039310.KQ,2000-06-09
2154,센트럴바이오,051980.KQ,2001-07-31
2155,셀트리온헬스케어,091990.KQ,2017-07-28
2156,솔브레인홀딩스,036830.KQ,2000-01-18
2157,솔트룩스,304100.KQ,2020-07-23
2158,슈프리마아이디,317770.KQ,2019-08-01
2159,신신제약,002800.KQ,2017-02-28
2160,신영스팩6호,344050.KQ,2020-02-12
2161,신일제약,012790.KQ,1999-08-13
2162,싸이맥스,160980.KQ,2015-06-17
2163,썸에이지,208640.KQ,2014-12-29
2164,쏠리드,050890.KQ,2005-07-08
2165,씨아이에스,222080.KQ,2015-09-02
2166,씨에스베어링,297090.KQ,2019-11-21
2167,아난티,025980.KQ,1996-01-06
2168,아바코,083930.KQ,2005-10-11
2169,아세아텍,050860.KQ,2010-01-26
2170,아스트,067390.KQ,2014-12-24
2171,아이스크림에듀,289010.KQ,2019-07-11
2172,아이텍,119830.KQ,2010-10-26
2173,아이티엠반도체,084850.KQ,2019-11-07
2174,알로이스,297570.KQ,2018-07-20
2175,양지사,030960.KQ,1996-10-24
2176,얼라인드,238120.KQ,2016-11-03
2177,에스씨디,042110.KQ,2000-07-13
2178,에스에프에이,056190.KQ,2001-12-18
2179,에스텍,069510.KQ,2003-11-14
2180,에스폴리텍,050760.KQ,2002-05-16
2181,에스피시스템스,317830.KQ,2019-08-14
2182,에이디테크놀로지,200710.KQ,2014-12-16
2183,에이치엘비생명과학,067630.KQ,2008-11-25
2184,에이치엘비파워,043220.KQ,2001-07-03
2185,에치에프알,230240.KQ,2015-12-16
2186,엔에이치스팩16호,353190.KQ,2020-06-17
2187,엘앤씨바이오,290650.KQ,2018-11-01
2188,엘앤에프,066970.KQ,2003-01-02
2189,엘티씨,170920.KQ,2013-10-08
2190,엠투엔,033310.KQ,1997-11-10
2191,영우디에스피,143540.KQ,2014-10-29
2192,영풍정밀,036560.KQ,1999-12-28
2193,예선테크,250930.KQ,2016-09-29
2194,오리엔트정공,065500.KQ,2002-09-19
2195,오스코텍,039200.KQ,2007-01-17
2196,오파스넷,173130.KQ,2018-08-24
2197,올릭스,226950.KQ,2018-07-18
2198,옴니시스템,057540.KQ,2007-09-19
2199,와토스코리아,079000.KQ,2005-11-15
2200,우리산업,215360.KQ,2015-05-06
2201,우리이앤엘,153490.KQ,2013-02-05
2202,우원개발,046940.KQ,2002-06-18
2203,위더스제약,330350.KQ,2020-07-03
2204,위즈코프,038620.KQ,2000-05-04
2205,윈팩,097800.KQ,2013-03-07
2206,유비케어,032620.KQ,1997-05-02
2207,유안타제3호스팩,287410.KQ,2018-05-08
2208,유앤아이,056090.KQ,2015-11-12
2209,유진스팩4호,321260.KQ,2019-05-31
2210,이노메트리,302430.KQ,2018-12-12
2211,이노테라피,246960.KQ,2019-02-01
2212,이디티,215090.KQ,2015-04-28
2213,이루다,164060.KQ,2020-08-06
2214,이매진아시아,036260.KQ,1999-12-10
2215,이베스트이안스팩1호,323210.KQ,2019-07-15
2216,이씨에스,067010.KQ,2007-12-18
2217,이엔드디,101360.KQ,2020-07-30
2218,이오테크닉스,039030.KQ,2000-08-24
2219,인터로조,119610.KQ,2010-07-28
2220,인트로메딕,150840.KQ,2013-12-19
2221,인화정공,101930.KQ,2010-10-22
2222,자연과환경,043910.KQ,2005-11-18
2223,정산애강,022220.KQ,2006-04-11
2224,제닉,123330.KQ,2011-08-03
2225,제이브이엠,054950.KQ,2006-06-07
2226,제이엔케이히터,126880.KQ,2011-01-31
2227,제일테크노스,038010.KQ,2000-01-11
2228,제테마,216080.KQ,2019-11-14
2229,지에스이,053050.KQ,2001-10-11
2230,지엔원에너지,270520.KQ,2017-08-22
2231,지와이커머스,111820.KQ,2010-06-18
2232,진양제약,007370.KQ,2000-07-27
2233,차바이오텍,085660.KQ,2005-12-27
2234,천랩,311690.KQ,2019-12-26
2235,케어젠,214370.KQ,2015-11-17
2236,케이맥,043290.KQ,2011-10-25
2237,케이엘넷,039420.KQ,2002-03-12
2238,케이프이에스제4호,347140.KQ,2020-03-24
2239,코렌텍,104540.KQ,2013-03-05
2240,코리아나,027050.KQ,1999-12-10
2241,코스맥스엔비티,222040.KQ,2015-12-16
2242,코오롱티슈진,950160.KQ,2017-11-06
2243,코콤,015710.KQ,1997-09-30
2244,큐에스아이,066310.KQ,2006-11-24
2245,크루셜텍,114120.KQ,2010-07-21
2246,크리스에프앤씨,110790.KQ,2018-10-01
2247,테스,095610.KQ,2008-05-20
2248,텔레칩스,054450.KQ,2004-12-10
2249,텔레필드,091440.KQ,2008-02-01
2250,톱텍,108230.KQ,2009-09-15
2251,티비씨,033830.KQ,2010-11-29
2252,티플랙스,081150.KQ,2009-04-23
2253,파나진,046210.KQ,2000-08-16
2254,파이오링크,170790.KQ,2013-08-01
2255,포비스티앤씨,016670.KQ,1993-04-21
2256,포시에스,189690.KQ,2015-02-11
2257,푸른기술,094940.KQ,2007-09-14
2258,퓨전,195440.KQ,2016-12-21
2259,프럼파스트,035200.KQ,2002-01-15
2260,플리토,300080.KQ,2019-07-17
2261,피엔케이피부임상연구센타,347740.KQ,2020-09-09
2262,피제이전자,006140.KQ,1993-12-07
2263,하림,136480.KQ,2011-05-02
2264,하이록코리아,013030.KQ,1989-12-15
2265,하이비젼시스템,126700.KQ,2010-09-10
2266,하츠,066130.KQ,2003-02-11
2267,한국기업평가,034950.KQ,2002-02-07
2268,한국정보공학,039740.KQ,2000-07-06
2269,한네트,052600.KQ,2001-07-10
2270,한라IMS,092460.KQ,2007-05-22
2271,한양이엔지,045100.KQ,2000-08-31
2272,한프,066110.KQ,2002-07-16
2273,해성산업,034810.KQ,1999-04-16
2274,해성옵틱스,076610.KQ,2013-11-06
2275,행남사,008800.KQ,1993-09-03
2276,홈센타홀딩스,060560.KQ,2002-07-11
2277,힘스,238490.KQ,2017-07-20
